-- phpMyAdmin SQL Dump
-- version 4.7.7
-- https://www.phpmyadmin.net/
--
-- Servidor: localhost:3306
-- Tiempo de generación: 26-04-2018 a las 21:41:41
-- Versión del servidor: 5.5.58-cll
-- Versión de PHP: 5.6.30

SET SQL_MODE = "NO_AUTO_VALUE_ON_ZERO";
SET AUTOCOMMIT = 0;
START TRANSACTION;
SET time_zone = "+00:00";


/*!40101 SET @OLD_CHARACTER_SET_CLIENT=@@CHARACTER_SET_CLIENT */;
/*!40101 SET @OLD_CHARACTER_SET_RESULTS=@@CHARACTER_SET_RESULTS */;
/*!40101 SET @OLD_COLLATION_CONNECTION=@@COLLATION_CONNECTION */;
/*!40101 SET NAMES utf8mb4 */;

--
-- Base de datos: `muntotol_capat`
--

--
-- Volcado de datos para la tabla `comunidades`
--

INSERT INTO `comunidades` (`id`, `nombre`, `creado`) VALUES
(5, 'San Juan', '2018-04-25');

--
-- Volcado de datos para la tabla `contratos`
--

INSERT INTO `contratos` (`id`, `tipo_contrato_id`, `numero_contrato`, `creado`) VALUES
(1, 1, '1234567890', '2018-04-25');

--
-- Volcado de datos para la tabla `cuotas`
--

INSERT INTO `cuotas` (`id`, `year`, `cantidad`, `comunidad_id`, `tipo_servicio_id`, `creado`) VALUES
(12, 2003, 20.00, 5, 6, '2018-04-26'),
(13, 2004, 20.00, 5, 6, '2018-04-26'),
(14, 2005, 20.00, 5, 6, '2018-04-26'),
(15, 2006, 20.00, 5, 6, '2018-04-26'),
(16, 2007, 20.00, 5, 6, '2018-04-26'),
(17, 2008, 20.00, 5, 6, '2018-04-26'),
(18, 2009, 21.00, 5, 6, '2018-04-26'),
(19, 2010, 22.00, 5, 6, '2018-04-26'),
(20, 2011, 23.00, 5, 6, '2018-04-26'),
(21, 2012, 29.00, 5, 6, '2018-04-26'),
(22, 2013, 30.00, 5, 6, '2018-04-26'),
(23, 2014, 31.00, 5, 6, '2018-04-26'),
(24, 2015, 32.00, 5, 6, '2018-04-26'),
(25, 2016, 33.00, 5, 6, '2018-04-26'),
(26, 2017, 34.00, 5, 6, '2018-04-26'),
(27, 2018, 40.00, 5, 6, '2018-04-26'),
(28, 1998, 30.00, 5, 7, '2018-04-26'),
(29, 1999, 30.00, 5, 7, '2018-04-26'),
(30, 2000, 30.00, 5, 7, '2018-04-26'),
(31, 2001, 30.00, 5, 7, '2018-04-26'),
(32, 2002, 36.00, 5, 7, '2018-04-26'),
(33, 2003, 40.00, 5, 7, '2018-04-26'),
(34, 2004, 65.00, 5, 7, '2018-04-26'),
(35, 2005, 65.00, 5, 7, '2018-04-26'),
(36, 2006, 65.00, 5, 7, '2018-04-26'),
(37, 2007, 65.00, 5, 7, '2018-04-26'),
(38, 2008, 65.00, 5, 7, '2018-04-26'),
(39, 2009, 68.00, 5, 7, '2018-04-26'),
(40, 2010, 71.00, 5, 7, '2018-04-26'),
(41, 2011, 74.00, 5, 7, '2018-04-26'),
(42, 2012, 82.00, 5, 7, '2018-04-26'),
(43, 2013, 85.00, 5, 7, '2018-04-26'),
(44, 2014, 88.00, 5, 7, '2018-04-26'),
(45, 2015, 91.00, 5, 7, '2018-04-26'),
(46, 2016, 95.00, 5, 7, '2018-04-26'),
(47, 2017, 96.00, 5, 7, '2018-04-26'),
(48, 2018, 106.00, 5, 7, '2018-04-26');

--
-- Volcado de datos para la tabla `direcciones`
--

INSERT INTO `direcciones` (`id`, `calle`, `comunidad_id`, `creado`) VALUES
(1, '12 De  Octubre', 5, '2018-04-25'),
(2, '12 De  Octubre Call', 5, '2018-04-25'),
(3, '12 De  Octubre Prol', 5, '2018-04-25'),
(4, '12 De Octubre Priv', 5, '2018-04-25'),
(5, '400 Familias', 5, '2018-04-25'),
(6, 'Allende', 5, '2018-04-25'),
(7, 'Allende Prol', 5, '2018-04-25'),
(8, 'Amado Nervo', 5, '2018-04-25'),
(9, 'Amado Nervo Priv', 5, '2018-04-25'),
(10, 'Av 20 De Noviembre', 5, '2018-04-25'),
(11, 'Av 20 Metros', 5, '2018-04-25'),
(12, 'Av 20 Metros 2da Priv', 5, '2018-04-25'),
(13, 'Av 20 Metros 3ra Priv', 5, '2018-04-25'),
(14, 'Av 20 Metros Cda', 5, '2018-04-25'),
(15, 'Av 20 Metros Priv', 5, '2018-04-25'),
(16, 'Av 20 Metros Priv J Guadalupe Flores Cano', 5, '2018-04-25'),
(17, 'Av 20 Metros Priv Los pinos', 5, '2018-04-25'),
(18, 'Av 20 Metros Priv Sabinos', 5, '2018-04-25'),
(19, 'Av 20 Metros Prol', 5, '2018-04-25'),
(20, 'Av Juarez', 5, '2018-04-25'),
(21, 'Av Mexico', 5, '2018-04-25'),
(22, 'Av Mexico Priv', 5, '2018-04-25'),
(23, 'Av Mexico Prol', 5, '2018-04-25'),
(24, 'Barranca  Atzinco', 5, '2018-04-25'),
(25, 'Barranca Xaxco', 5, '2018-04-25'),
(26, 'Bugambilias', 5, '2018-04-25'),
(27, 'Call 1810', 5, '2018-04-25'),
(28, 'Call Morelos', 5, '2018-04-25'),
(29, 'Calle De Las Nieves', 5, '2018-04-25'),
(30, 'Camaxtli', 5, '2018-04-25'),
(31, 'Camino Real', 5, '2018-04-25'),
(32, 'Carr  Federal Norte', 5, '2018-04-25'),
(33, 'Carr  Federal Sur', 5, '2018-04-25'),
(34, 'Carr Autopista', 5, '2018-04-25'),
(35, 'Carr Federal', 5, '2018-04-25'),
(36, 'Carr Federal Norte', 5, '2018-04-25'),
(37, 'Carr Federal Sur', 5, '2018-04-25'),
(38, 'Cda de Morelos', 5, '2018-04-25'),
(39, 'Cda del Chamizal', 5, '2018-04-25'),
(40, 'Cda del Convento', 5, '2018-04-25'),
(41, 'Cda del trebol', 5, '2018-04-25'),
(42, 'Chamizal', 5, '2018-04-25'),
(43, 'Cuapilola Prol', 5, '2018-04-25'),
(44, 'Cuapiola', 5, '2018-04-25'),
(45, 'Cuapiola Priv', 5, '2018-04-25'),
(46, 'Deportiva Zaragoza', 5, '2018-04-25'),
(47, 'Ejido Totolac', 5, '2018-04-25'),
(48, 'El Mirador', 5, '2018-04-25'),
(49, 'El Mirador Priv', 5, '2018-04-25'),
(50, 'Emiliano  Zapata', 5, '2018-04-25'),
(51, 'Emiliano  Zapata Priv', 5, '2018-04-25'),
(52, 'Emiliano Sanchez Piedras', 5, '2018-04-25'),
(53, 'Emiliano Sanchez Piedras Priv', 5, '2018-04-25'),
(54, 'Francisco Villa', 5, '2018-04-25'),
(55, 'Gomez Farias', 5, '2018-04-25'),
(56, 'Huexotitla', 5, '2018-04-25'),
(57, 'Huexotitla Priv', 5, '2018-04-25'),
(58, 'Ignacio Zaragoza', 5, '2018-04-25'),
(59, 'Ignacio Zaragoza Priv', 5, '2018-04-25'),
(60, 'Insurgentes', 5, '2018-04-25'),
(61, 'Insurgentes Cda', 5, '2018-04-25'),
(62, 'Insurgentes Priv', 5, '2018-04-25'),
(63, 'Josefa Ortiz De Dominguez', 5, '2018-04-25'),
(64, 'Josefa Ortiz De Dominguez Call', 5, '2018-04-25'),
(65, 'Josefa Ortiz De Dominguez Cda', 5, '2018-04-25'),
(66, 'Josefa Ortiz De Dominguez Priv', 5, '2018-04-25'),
(67, 'Juan  Cuamatzi', 5, '2018-04-25'),
(68, 'Juan  Cuamatzi Priv', 5, '2018-04-25'),
(69, 'La Canoa', 5, '2018-04-25'),
(70, 'La Canoa Priv', 5, '2018-04-25'),
(71, 'Lateral Autopista  ', 5, '2018-04-25'),
(72, 'Leona Vicario', 5, '2018-04-25'),
(73, 'Leona Vicario Priv', 5, '2018-04-25'),
(74, 'Los Balcones', 5, '2018-04-25'),
(75, 'Los Pinos', 5, '2018-04-25'),
(76, 'Manantiales', 5, '2018-04-25'),
(77, 'Mariano Matamoros', 5, '2018-04-25'),
(78, 'Maximo Rojas', 5, '2018-04-25'),
(79, 'Metecatzi', 5, '2018-04-25'),
(80, 'Metecatzi Priv', 5, '2018-04-25'),
(81, 'Misterios', 5, '2018-04-25'),
(82, 'Morelos', 5, '2018-04-25'),
(83, 'Morelos Cda', 5, '2018-04-25'),
(84, 'Morelos Priv', 5, '2018-04-25'),
(85, 'Nueva Privada', 5, '2018-04-25'),
(86, 'Ocotelulco', 5, '2018-04-25'),
(87, 'Palo Huerfano', 5, '2018-04-25'),
(88, 'Paseo Del Mirador', 5, '2018-04-25'),
(89, 'Plaza Principal', 5, '2018-04-25'),
(90, 'Priv La Presa', 5, '2018-04-25'),
(91, 'Priv Los Truenitos', 5, '2018-04-25'),
(92, 'Priv Mex-Ver', 5, '2018-04-25'),
(93, 'Reforma', 5, '2018-04-25'),
(94, 'Reforma Priv', 5, '2018-04-25'),
(95, 'Reforma Prol', 5, '2018-04-25'),
(96, 'Revolucion', 5, '2018-04-25'),
(97, 'Revolucion Prol', 5, '2018-04-25'),
(98, 'Riverena ', 5, '2018-04-25'),
(99, 'Tepeticpac', 5, '2018-04-25'),
(100, 'Tepetlapa', 5, '2018-04-25'),
(101, 'Tepetlapa Priv', 5, '2018-04-25'),
(102, 'Tizatlan', 5, '2018-04-25'),
(103, 'Tizatlan Priv', 5, '2018-04-25'),
(104, 'Tlahuahua', 5, '2018-04-25'),
(105, 'Tlahuetzolotzi', 5, '2018-04-25'),
(106, 'Tlahuetzolotzi Cda', 5, '2018-04-25'),
(107, 'Tlahuetzolotzi Priv', 5, '2018-04-25'),
(108, 'Tlahuicole', 5, '2018-04-25'),
(109, 'Tlahuicole Cda', 5, '2018-04-25'),
(110, 'Tlahuicole Priv', 5, '2018-04-25'),
(111, 'Tlalapanco', 5, '2018-04-25'),
(112, 'Unidad Deportiva', 5, '2018-04-25'),
(113, 'Unidad Deportiva Priv', 5, '2018-04-25'),
(114, 'Vicente Guerrero', 5, '2018-04-25'),
(115, 'Xicotencatl', 5, '2018-04-25'),
(116, 'Xicotencatl Priv', 5, '2018-04-25'),
(117, 'Zapotitla', 5, '2018-04-25');

--
-- Volcado de datos para la tabla `estatus`
--

INSERT INTO `estatus` (`id`, `nombre`) VALUES
(1, 'Pagado'),
(2, 'Por pagar');

--
-- Volcado de datos para la tabla `perfiles`
--

INSERT INTO `perfiles` (`id`, `nombre`) VALUES
(1, 'Sysadmin'),
(2, 'Administrador'),
(3, 'Director'),
(4, 'Capturista'),
(5, 'Caja'),
(6, 'Usuario');

--
-- Volcado de datos para la tabla `tipos_contratos`
--

INSERT INTO `tipos_contratos` (`id`, `nombre`, `creado`) VALUES
(1, 'Domestico', '2018-02-07'),
(2, 'Comercial', '2018-02-07'),
(3, 'Industrial', '2018-02-07');

--
-- Volcado de datos para la tabla `tipos_servicios`
--

INSERT INTO `tipos_servicios` (`id`, `nombre`, `creado`) VALUES
(6, 'Alcantarillado', '2018-04-26'),
(7, 'Agua potable', '2018-04-26');

--
-- Volcado de datos para la tabla `usuarios`
--

INSERT INTO `usuarios` (`id`, `user`, `pass`, `usuario_data_id`, `comunidad_id`, `perfil_id`, `creado`) VALUES
(2, 'hector', 'hector', NULL, NULL, 3, '2018-01-24'),
(3, 'rosy', 'rosy', NULL, NULL, 4, '2018-02-06'),
(4, 'sandy', 'sandy', NULL, NULL, 5, '2018-03-20');

--
-- Volcado de datos para la tabla `usuarios_data`
--

INSERT INTO `usuarios_data` (`id`, `name`, `ap`, `am`, `tarjeta`, `folio`, `contrato_id`, `direccion_id`, `numero`, `creado`) VALUES
(1, 'Cornelio Garcia Juarez', '', '', '1424', '1424', 1, 1, '', '2018-04-25'),
(2, 'Magdaleno Suarez Mateos', '', '', '0341', '0341', 1, 1, '', '2018-04-25'),
(3, 'Claudia Rangel Cuapio', '', '', '0356', '0356', 1, 1, '', '2018-04-25'),
(4, 'Francisco Perez Melendez', '', '', '0357', '0357', 1, 1, '', '2018-04-25'),
(5, 'Catalina Perez Maza', '', '', '0358', '0358', 1, 1, '', '2018-04-25'),
(6, 'Ma Victoria Minor Castro', '', '', '0360', '0360', 1, 1, '', '2018-04-25'),
(7, 'Jaime Silva Cuapio', '', '', '0361', '0361', 1, 1, '', '2018-04-25'),
(8, 'Maria Felicitas Corriente Bote', '', '', '0362', '0362', 1, 1, '', '2018-04-25'),
(9, 'Abel Santacruz  Santacruz', '', '', '0363', '0363', 1, 1, '', '2018-04-25'),
(10, 'Roberto Torres Popocatl', '', '', '0364', '0364', 1, 1, '', '2018-04-25'),
(11, 'Lucrecia Santacruz Minor', '', '', '0365', '0365', 1, 1, '', '2018-04-25'),
(12, 'Roberta Delgado Morales', '', '', '0368', '0368', 1, 1, '', '2018-04-25'),
(13, 'Edilberto Aguilar Jimenez', '', '', '0369', '0369', 1, 1, '', '2018-04-25'),
(14, 'Salomon Torres Jimenez', '', '', '0370', '0370', 1, 1, '', '2018-04-25'),
(15, 'Agustin Aguilar Moreno', '', '', '0371', '0371', 1, 1, '', '2018-04-25'),
(16, 'Florencio Aguilar Moreno', '', '', '0372', '0372', 1, 1, '', '2018-04-25'),
(17, 'Maximiliano Minor Conde', '', '', '0379', '0379', 1, 1, '', '2018-04-25'),
(18, 'Abel Minor Pineda', '', '', '0383', '0383', 1, 1, '', '2018-04-25'),
(19, 'Roman Marquez Cuahutecatl', '', '', '0542', '0542', 1, 1, '', '2018-04-25'),
(20, 'Nohemi Guevara Cuapio', '', '', '0737', '0737', 1, 1, '', '2018-04-25'),
(21, 'Amada Juarez Luna', '', '', '0791', '0791', 1, 1, '', '2018-04-25'),
(22, 'Yasmin Ramirez Cuahutecatl', '', '', '1164', '1164', 1, 1, '', '2018-04-25'),
(23, 'Roselia Gracia Gallegos', '', '', '0376', '0376', 1, 1, '', '2018-04-25'),
(24, 'Carmen Minor Ortiz', '', '', '0398', '0398', 1, 1, '', '2018-04-25'),
(25, 'Jose Felipe Torres Jimenez', '', '', '0367', '0367', 1, 1, '', '2018-04-25'),
(26, 'Jose Flores Alonso', '', '', '1134', '1134', 1, 1, '', '2018-04-25'),
(27, 'Lucio Aguilar Moreno', '', '', '0312', '0312', 1, 1, '', '2018-04-25'),
(28, 'Librada Julieta Juarez Tlapalamatl', '', '', '0380', '0380', 1, 1, '', '2018-04-25'),
(29, 'Edel Aguilar Silva', '', '', '0374', '0374', 1, 1, '', '2018-04-25'),
(30, 'Javier Gracia Santiago', '', '', '1355', '1355', 1, 1, '', '2018-04-25'),
(31, 'Benita Ramirez Santacruz', '', '', '1317', '1317', 1, 2, '', '2018-04-25'),
(32, 'Juan Maldonado Sanchez', '', '', '0351', '0351', 1, 3, '', '2018-04-25'),
(33, 'Luis Cano Espinoza', '', '', '0346', '0346', 1, 3, '', '2018-04-25'),
(34, 'Cecilio Aguilar Castillo', '', '', '0349', '0349', 1, 3, '', '2018-04-25'),
(35, 'Claudia Flores Santacruz', '', '', '0776', '0776', 1, 3, '', '2018-04-25'),
(36, 'Balbina Juarez Perez', '', '', '0342', '0342', 1, 3, '', '2018-04-25'),
(37, 'Cristobal Flores Sauce', '', '', '0352', '0352', 1, 3, '', '2018-04-25'),
(38, 'Tomas Maldonado Sanchez', '', '', '1017', '1017', 1, 3, '', '2018-04-25'),
(39, 'Adolfo Flores Espinosa', '', '', '0350', '0350', 1, 3, '', '2018-04-25'),
(40, 'Teresa Minor Calderon', '', '', '0345', '0345', 1, 3, '', '2018-04-25'),
(41, 'Cornelio Garcia Juarez', '', '', '0347', '0347', 1, 3, '', '2018-04-25'),
(42, 'Homero Flores Garcia', '', '', '0353', '0353', 1, 3, '', '2018-04-25'),
(43, 'Felipe Vazquez Caballero', '', '', '0354', '0354', 1, 3, '', '2018-04-25'),
(44, 'Martin Cuapio Delgado', '', '', '0355', '0355', 1, 3, '', '2018-04-25'),
(45, 'Angelina Cuahutecatl Santacruz', '', '', '0808', '0808', 1, 3, '', '2018-04-25'),
(46, 'Humberto Flores Reyes', '', '', '1108', '1108', 1, 3, '', '2018-04-25'),
(47, 'Cornelio Aguilar Moreno', '', '', '1242', '1242', 1, 3, '', '2018-04-25'),
(48, 'Rigoberto Aguilar Silva', '', '', '1243', '1243', 1, 3, '', '2018-04-25'),
(49, 'Silverio Flores Santacruz', '', '', '1244', '1244', 1, 3, '', '2018-04-25'),
(50, 'Tulio Santacruz Jimenez', '', '', '1162', '1162', 1, 3, '', '2018-04-25'),
(51, 'Edith Cuahutecatl Jimenez', '', '', '1063', '1063', 1, 4, '', '2018-04-25'),
(52, 'Manuel  Atonal  Juarez', '', '', '1151', '1151', 1, 4, '', '2018-04-25'),
(53, 'Maria Elena Perez Diaz', '', '', '0862', '0862', 1, 5, '', '2018-04-25'),
(54, 'Ma Ernestina Irma Varela Jimenez (Dos Tomas)', '', '', '1031', '1031', 1, 5, '', '2018-04-25'),
(55, 'Flavio Flores Ramirez', '', '', '1036', '1036', 1, 5, '', '2018-04-25'),
(56, 'Hortencia Jimenez Santacruz', '', '', '1038', '1038', 1, 5, '', '2018-04-25'),
(57, 'Parmenides Ortiz Cano', '', '', '1039', '1039', 1, 5, '', '2018-04-25'),
(58, 'Hiram Olivares Cortes', '', '', '1040', '1040', 1, 5, '', '2018-04-25'),
(59, 'Jacob Zapata Serrano', '', '', '1041', '1041', 1, 5, '', '2018-04-25'),
(60, 'Elvira Enrique Roman', '', '', '1044', '1044', 1, 5, '', '2018-04-25'),
(61, 'Ma Eugenia Atonal Gonzalez', '', '', '1045', '1045', 1, 5, '', '2018-04-25'),
(62, 'Felipa Ortiz Cabrera', '', '', '1086', '1086', 1, 5, '', '2018-04-25'),
(63, 'Enrique Sarmiento Coyotzi', '', '', '1095', '1095', 1, 5, '', '2018-04-25'),
(64, 'Norberto Gonzalez Cortes', '', '', '1197', '1197', 1, 5, '', '2018-04-25'),
(65, 'Victor Bonilla alvarez', '', '', '1033', '1033', 1, 5, '', '2018-04-25'),
(66, 'Bartolome Rivas Rubio', '', '', '0755', '0755', 1, 5, '', '2018-04-25'),
(67, 'Luis Vazquez Cabrera', '', '', '1001', '1001', 1, 5, '', '2018-04-25'),
(68, 'Guillermo Calderon Pichon', '', '', '1002', '1002', 1, 5, '', '2018-04-25'),
(69, 'Jose Alfonso Caltempa Cortes', '', '', '1383', '1383', 1, 5, '', '2018-04-25'),
(70, 'Alberto Amador Ramirez', '', '', '1419', '1419', 1, 5, '', '2018-04-25'),
(71, 'Zoila Aguilar Leon', '', '', '1426', '1426', 1, 5, '', '2018-04-25'),
(72, 'Teresa Torres  Hernandez', '', '', '0075', '0075', 1, 5, '', '2018-04-25'),
(73, 'Jorge Aguilar Jimenez', '', '', '1028', '1028', 1, 5, '', '2018-04-25'),
(74, 'Juan Sandoval Juarez', '', '', '1030', '1030', 1, 5, '', '2018-04-25'),
(75, 'Elba Aguilar Jimenez', '', '', '1029', '1029', 1, 5, '', '2018-04-25'),
(76, 'Lucio Jimenez Ramirez', '', '', '1037', '1037', 1, 5, '', '2018-04-25'),
(77, 'Horacio Flores Ramirez', '', '', '1183', '1183', 1, 5, '', '2018-04-25'),
(78, 'Marco Antonio Ortiz Tejeida', '', '', '1035', '1035', 1, 5, '', '2018-04-25'),
(79, 'Marcela Roberta Juarez Santacruz', '', '', '1034', '1034', 1, 5, '', '2018-04-25'),
(80, 'Silverio Flores Ramirez', '', '', '1046', '1046', 1, 5, '', '2018-04-25'),
(81, 'Jose Luis Aguilar Jimenez', '', '', '0324', '0324', 1, 5, '', '2018-04-25'),
(82, 'Tomas Perez  Flores', '', '', '1042', '1042', 1, 5, '', '2018-04-25'),
(83, 'Luis Alberto Perez avila', '', '', '1043', '1043', 1, 5, '', '2018-04-25'),
(84, 'Guadalupe Ramirez Perez', '', '', '1405', '1405', 1, 5, '', '2018-04-25'),
(85, 'Yenlee Cuapio Minor', '', '', '1509', '1509', 1, 6, '', '2018-04-25'),
(86, 'Martin Conde Moreno', '', '', '0155', '0155', 1, 6, '', '2018-04-25'),
(87, 'Maria Del Rocio Santacruz Caltempa', '', '', '0264', '0264', 1, 6, '', '2018-04-25'),
(88, 'Ma De La Luz Cuapio Santacruz', '', '', '0267', '0267', 1, 6, '', '2018-04-25'),
(89, 'Gisela  Santacruz  Santacruz', '', '', '0269', '0269', 1, 6, '', '2018-04-25'),
(90, 'Onesimo Sanchez Juarez', '', '', '0279', '0279', 1, 6, '', '2018-04-25'),
(91, 'Luis Aguilar Conde', '', '', '0281', '0281', 1, 6, '', '2018-04-25'),
(92, 'Raquel  Santacruz Altamirano', '', '', '0285', '0285', 1, 6, '', '2018-04-25'),
(93, 'Maria Enriqueta Perez Lemus', '', '', '0292', '0292', 1, 6, '', '2018-04-25'),
(94, 'Miguel Minor Santacruz', '', '', '0295', '0295', 1, 6, '', '2018-04-25'),
(95, 'Jardin De Ninnos Heroes De Chapultepec', '', '', '1184', '1184', 1, 6, '', '2018-04-25'),
(96, 'Marcela Juarez Sanchez', '', '', '0933', '0933', 1, 6, '', '2018-04-25'),
(97, 'Gumersindo Minor Ortiz', '', '', '0296', '0296', 1, 6, '', '2018-04-25'),
(98, 'Alfonso Villegas Perez', '', '', '0425', '0425', 1, 6, '', '2018-04-25'),
(99, 'Argelia  Perez  Minor', '', '', '1379', '1379', 1, 6, '', '2018-04-25'),
(100, 'Anita Romero Sanchez', '', '', '0266', '0266', 1, 6, '', '2018-04-25'),
(101, 'Alberto Minor Santacruz', '', '', '0066', '0066', 1, 6, '', '2018-04-25'),
(102, 'Artemio Atonal Aguilar', '', '', '0276', '0276', 1, 6, '', '2018-04-25'),
(103, 'Alberto Conde Zempoalteca', '', '', '0270', '0270', 1, 6, '', '2018-04-25'),
(104, 'Juan Santacruz Perez', '', '', '0268', '0268', 1, 6, '', '2018-04-25'),
(105, 'David Ramirez Pichon', '', '', '0928', '0928', 1, 6, '', '2018-04-25'),
(106, 'Yolanda Moreno Aguilar', '', '', '0290', '0290', 1, 6, '', '2018-04-25'),
(107, 'Anita avila Ramirez', '', '', '0273', '0273', 1, 6, '', '2018-04-25'),
(108, 'Elena Flores avila', '', '', '0742', '0742', 1, 6, '', '2018-04-25'),
(109, 'Benjamin Atonal Zempoalteca', '', '', '0282', '0282', 1, 6, '', '2018-04-25'),
(110, 'Jose Luis  Ramirez  Minor', '', '', '1453', '1453', 1, 6, '', '2018-04-25'),
(111, 'Salvador Carro Pichon', '', '', '0275', '0275', 1, 6, '', '2018-04-25'),
(112, 'Maria Guadalupe Minor Conde', '', '', '0286', '0286', 1, 6, '', '2018-04-25'),
(113, 'Valdemar Cuapio Santacruz', '', '', '0287', '0287', 1, 6, '', '2018-04-25'),
(114, 'Martin Cuahutecatl Juarez', '', '', '0288', '0288', 1, 6, '', '2018-04-25'),
(115, 'Ma Del Carmen Cuapio Santacruz', '', '', '0289', '0289', 1, 6, '', '2018-04-25'),
(116, 'Marina Cuapio Minor', '', '', '1212', '1212', 1, 6, '', '2018-04-25'),
(117, 'Efren Briones Juarez', '', '', '0274', '0274', 1, 6, '', '2018-04-25'),
(118, 'Elda Cuapio Juarez', '', '', '0293', '0293', 1, 6, '', '2018-04-25'),
(119, 'Fortino Gonzalez Santacruz', '', '', '0278', '0278', 1, 6, '', '2018-04-25'),
(120, 'Edgar Gonzalez Conde', '', '', '1100', '1100', 1, 6, '', '2018-04-25'),
(121, 'J Pilar Atonal Zempoalteca', '', '', '0284', '0284', 1, 6, '', '2018-04-25'),
(122, 'Eruvey Zempoalteca avila', '', '', '0277', '0277', 1, 7, '', '2018-04-25'),
(123, 'Selim Molina Zempoalteca', '', '', '1357', '1357', 1, 7, '', '2018-04-25'),
(124, 'Jose Luis Ramos Reyes', '', '', '1452', '1452', 1, 7, '', '2018-04-25'),
(125, 'Margarita Martinez Juarez', '', '', '1289', '1289', 1, 7, '', '2018-04-25'),
(126, 'Alejo Minor Contreras', '', '', '0306', '0306', 1, 8, '', '2018-04-25'),
(127, 'Sofia Calderon Martinez', '', '', '0309', '0309', 1, 8, '', '2018-04-25'),
(128, 'Francisco Minor Cuapio', '', '', '0310', '0310', 1, 8, '', '2018-04-25'),
(129, 'Clara Santacruz Cuapio', '', '', '0311', '0311', 1, 8, '', '2018-04-25'),
(130, 'Teresa Atonal Santacruz', '', '', '0314', '0314', 1, 8, '', '2018-04-25'),
(131, 'Noe Jimenez Guevara', '', '', '0320', '0320', 1, 8, '', '2018-04-25'),
(132, 'Victor Atonal Silva', '', '', '0321', '0321', 1, 8, '', '2018-04-25'),
(133, 'Francisco Cuapio Popocatl', '', '', '0322', '0322', 1, 8, '', '2018-04-25'),
(134, 'Beatriz Santacruz Cuapio', '', '', '0323', '0323', 1, 8, '', '2018-04-25'),
(135, 'Sixta Cuapio Popocatl', '', '', '0325', '0325', 1, 8, '', '2018-04-25'),
(136, 'Ricardo Santacruz Cuapio', '', '', '0326', '0326', 1, 8, '', '2018-04-25'),
(137, 'Flavio Jimenez Sanchez', '', '', '0329', '0329', 1, 8, '', '2018-04-25'),
(138, 'Miguel Jimenez Sanchez', '', '', '0330', '0330', 1, 8, '', '2018-04-25'),
(139, 'Ramon Jimenez Sanchez', '', '', '0331', '0331', 1, 8, '', '2018-04-25'),
(140, 'Margarita Juarez Flores', '', '', '0332', '0332', 1, 8, '', '2018-04-25'),
(141, 'Justino Jimenez Sanchez', '', '', '0333', '0333', 1, 8, '', '2018-04-25'),
(142, 'Martha Perez Cuapio', '', '', '0334', '0334', 1, 8, '', '2018-04-25'),
(143, 'Justino Delgado Pluma', '', '', '0336', '0336', 1, 8, '', '2018-04-25'),
(144, 'Estefania aguila Sanchez', '', '', '0337', '0337', 1, 8, '', '2018-04-25'),
(145, 'Anibal Armando Martinez Cuapio', '', '', '0338', '0338', 1, 8, '', '2018-04-25'),
(146, 'Ulises Moreno Atonal', '', '', '0422', '0422', 1, 8, '', '2018-04-25'),
(147, 'Edvino Jimenez Guevara', '', '', '0752', '0752', 1, 8, '', '2018-04-25'),
(148, 'Esteban Santacruz Sanchez', '', '', '0774', '0774', 1, 8, '', '2018-04-25'),
(149, 'Azael Santacruz Santacruz', '', '', '0993', '0993', 1, 8, '', '2018-04-25'),
(150, 'Nehidy Jimenez Calzada', '', '', '1160', '1160', 1, 8, '', '2018-04-25'),
(151, 'Victor Cuapio Perez', '', '', '0756', '0756', 1, 8, '', '2018-04-25'),
(152, 'Emiliano Jimenez Guevara', '', '', '0318', '0318', 1, 8, '', '2018-04-25'),
(153, 'Maria Luisa Cuapio Jimenez', '', '', '0428-A', '0428-A', 1, 8, '', '2018-04-25'),
(154, 'Arnulfo Zamora Barba', '', '', '0307', '0307', 1, 8, '', '2018-04-25'),
(155, 'Jose Leandro Minor Gracia', '', '', '0308', '0308', 1, 8, '', '2018-04-25'),
(156, 'Domingo Marquez Calihua', '', '', '1276', '1276', 1, 8, '', '2018-04-25'),
(157, 'Higinio Guevara Sanchez', '', '', '0313', '0313', 1, 8, '', '2018-04-25'),
(158, 'Ma. Del Refugio Varela Flores', '', '', '1125', '1125', 1, 8, '', '2018-04-25'),
(159, 'Joaquina Atonal Santacruz', '', '', '0316', '0316', 1, 8, '', '2018-04-25'),
(160, 'Ma Eugenia Santacruz Sanchez', '', '', '1521', '1521', 1, 9, '', '2018-04-25'),
(161, 'Jesus Manuel Ramirez Santos', '', '', '0534', '0534', 1, 10, '', '2018-04-25'),
(162, 'Estela Aguilar Gallegos', '', '', '0418', '0418', 1, 10, '', '2018-04-25'),
(163, 'Modesta Minor Perez', '', '', '0420', '0420', 1, 10, '', '2018-04-25'),
(164, 'Cesar Armando Minor Pineda', '', '', '0427', '0427', 1, 10, '', '2018-04-25'),
(165, 'Hipolito Mena Santacruz', '', '', '0431', '0431', 1, 10, '', '2018-04-25'),
(166, 'Edith Cuauhtli Meneses', '', '', '0433', '0433', 1, 10, '', '2018-04-25'),
(167, 'Luis Cano Santacruz', '', '', '0436', '0436', 1, 10, '', '2018-04-25'),
(168, 'Enrique Cano Santacruz', '', '', '0437', '0437', 1, 10, '', '2018-04-25'),
(169, 'Domingo Cuapio Cuahutle', '', '', '0438', '0438', 1, 10, '', '2018-04-25'),
(170, 'Enrique Perez Popocatl', '', '', '0440', '0440', 1, 10, '', '2018-04-25'),
(171, 'J Refugio Jimenez Bannales', '', '', '0441', '0441', 1, 10, '', '2018-04-25'),
(172, 'Alfonso Perez Popocatl', '', '', '0442', '0442', 1, 10, '', '2018-04-25'),
(173, 'Jose De Jesus Bannuelos Cuahutecatl', '', '', '0445', '0445', 1, 10, '', '2018-04-25'),
(174, 'Hortencia  Tuxpan Nahuatlato', '', '', '0421', '0421', 1, 10, '', '2018-04-25'),
(175, 'alvaro Mena Santacruz', '', '', '0432', '0432', 1, 10, '', '2018-04-25'),
(176, 'Silvano Moreno Aguilar', '', '', '0429', '0429', 1, 10, '', '2018-04-25'),
(177, 'Romel Villegas Conde', '', '', '0291', '0291', 1, 10, '', '2018-04-25'),
(178, 'Regina Xalteno Nava', '', '', '0417', '0417', 1, 10, '', '2018-04-25'),
(179, 'Mary Thelma Zempoalteca Macias', '', '', '1204', '1204', 1, 10, '', '2018-04-25'),
(180, 'Deleanu Zempoalteca Macias', '', '', '1175', '1175', 1, 10, '', '2018-04-25'),
(181, 'Margarita Moreno Zempoalteca', '', '', '0449', '0449', 1, 10, '', '2018-04-25'),
(182, 'Alejandro Rodriguez Juarez', '', '', '0450', '0450', 1, 10, '', '2018-04-25'),
(183, 'Cesar Cano Santacruz', '', '', '0446', '0446', 1, 10, '', '2018-04-25'),
(184, 'Renan Varela Hernandez', '', '', '1133', '1133', 1, 10, '', '2018-04-25'),
(185, 'Concepcion Santacruz Mena', '', '', '0426', '0426', 1, 10, '', '2018-04-25'),
(186, 'Rusell Villegas Conde', '', '', '1451', '1451', 1, 10, '', '2018-04-25'),
(187, 'Ma Eugenia Veronica Conde Zempoalteca', '', '', '0424', '0424', 1, 10, '', '2018-04-25'),
(188, 'Jovita Romero Tenorio', '', '', '1217', '1217', 1, 10, '', '2018-04-25'),
(189, 'Laura Rodriguez Juarez', '', '', '0451', '0451', 1, 10, '', '2018-04-25'),
(190, 'Margarita Cuahutle Santacruz', '', '', '1516', '1516', 1, 10, '', '2018-04-25'),
(191, 'Noe Cuapio Cuahutle', '', '', '0439', '0439', 1, 10, '', '2018-04-25'),
(192, 'Salomon Perez Marquez', '', '', '0444', '0444', 1, 10, '', '2018-04-25'),
(193, 'Martha Elena Prado Toscano', '', '', '0435', '0435', 1, 10, '', '2018-04-25'),
(194, 'Maria Martina Rosa Arminda Cano Santacruz', '', '', '0657', '0657', 1, 10, '', '2018-04-25'),
(195, 'Francisco Cuauhtli Meneses', '', '', '1221', '1221', 1, 10, '', '2018-04-25'),
(196, 'Tomas Cano Islas', '', '', '0023', '0023', 1, 11, '', '2018-04-25'),
(197, 'Jose Gil Juarez Conde', '', '', '0024', '0024', 1, 11, '', '2018-04-25'),
(198, 'Rene Lima Vazquez', '', '', '0025', '0025', 1, 11, '', '2018-04-25'),
(199, 'Gregoria Hernandez Herrera', '', '', '0026', '0026', 1, 11, '', '2018-04-25'),
(200, 'Guadalupe Flores Santamaria', '', '', '0030', '0030', 1, 11, '', '2018-04-25'),
(201, 'Esperanza Perez Perez Y O Gumaro Silva', '', '', '0057', '0057', 1, 11, '', '2018-04-25'),
(202, 'Josefina Ruiz Hernandez', '', '', '0105', '0105', 1, 11, '', '2018-04-25'),
(203, 'Felipe Galicia Chanez', '', '', '0401', '0401', 1, 11, '', '2018-04-25'),
(204, 'Ma Eugenia Santacruz Enriquez', '', '', '0529-A', '0529-A', 1, 11, '', '2018-04-25'),
(205, 'Mercedes Samudio Ramirez', '', '', '0618', '0618', 1, 11, '', '2018-04-25'),
(206, 'Oved Aguilar  Juarez', '', '', '0652', '0652', 1, 11, '', '2018-04-25'),
(207, 'Yesenia Conde Carrillo', '', '', '0810', '0810', 1, 11, '', '2018-04-25'),
(208, 'Maria Evangelina Lopez Flores', '', '', '0818', '0818', 1, 11, '', '2018-04-25'),
(209, 'Ruben Santacruz Caltempa', '', '', '0820', '0820', 1, 11, '', '2018-04-25'),
(210, 'Blanca Flores Moreno', '', '', '0925', '0925', 1, 11, '', '2018-04-25'),
(211, 'Claudia Conde Aguilar', '', '', '1024', '1024', 1, 11, '', '2018-04-25'),
(212, 'Miguel Flores Santamaria', '', '', '1105', '1105', 1, 11, '', '2018-04-25'),
(213, 'Susana Alvarado Reyes', '', '', '1121', '1121', 1, 11, '', '2018-04-25'),
(214, 'Jaime Sanchez', '', '', '1126', '1126', 1, 11, '', '2018-04-25'),
(215, 'Adolfo Romero Sanchez', '', '', '1129', '1129', 1, 11, '', '2018-04-25'),
(216, 'Enrique Lopez Alvarado', '', '', '1141', '1141', 1, 11, '', '2018-04-25'),
(217, 'Alberto Jimenez Juarez', '', '', '1142', '1142', 1, 11, '', '2018-04-25'),
(218, 'Enriqueta Zempoalteca Cortes', '', '', '1396', '1396', 1, 11, '', '2018-04-25'),
(219, 'Raquel Ramirez Ruiz', '', '', '1191', '1191', 1, 11, '', '2018-04-25'),
(220, 'Jose Alfredo Jimenez Carrillo', '', '', '1202', '1202', 1, 11, '', '2018-04-25'),
(221, 'Alberto Conde Aguilar Y Esp. Yazmin Conde T.', '', '', '1247', '1247', 1, 11, '', '2018-04-25'),
(222, 'Noe Conde Rodriguez', '', '', '0074', '0074', 1, 11, '', '2018-04-25'),
(223, 'Adalberto Flores Santamaria', '', '', '0028', '0028', 1, 11, '', '2018-04-25'),
(224, 'Tomas Silva Cuapio', '', '', '0055', '0055', 1, 11, '', '2018-04-25'),
(225, 'Demetrio Oviedo De La Rosa', '', '', '0176', '0176', 1, 11, '', '2018-04-25'),
(226, 'Jose Cristian Hernandez Carro', '', '', '0950', '0950', 1, 11, '', '2018-04-25'),
(227, 'Noe Minor Moreno', '', '', '0015', '0015', 1, 11, '', '2018-04-25'),
(228, 'Eloy Carrillo Flores', '', '', '0021', '0021', 1, 11, '', '2018-04-25'),
(229, 'Micaela Flores Moreno', '', '', '0501', '0501', 1, 11, '', '2018-04-25'),
(230, 'Irma Edith Cuapio Estrada', '', '', '1288', '1288', 1, 11, '', '2018-04-25'),
(231, 'Dominga Zempoalteca Maravilla', '', '', '1290', '1290', 1, 11, '', '2018-04-25'),
(232, 'Franco Silva Cuapio', '', '', '1318', '1318', 1, 11, '', '2018-04-25'),
(233, 'Leobardo Romero Sanchez', '', '', '1345', '1345', 1, 11, '', '2018-04-25'),
(234, 'Otilia Perez Sanchez', '', '', '1455', '1455', 1, 11, '', '2018-04-25'),
(235, 'Lucia  Lopez  Juarez', '', '', '1472', '1472', 1, 11, '', '2018-04-25'),
(236, 'Maria Elena Moreno Perez', '', '', '1480', '1480', 1, 11, '', '2018-04-25'),
(237, 'Maria Elena Moreno Perez', '', '', '1481', '1481', 1, 11, '', '2018-04-25'),
(238, 'Janet Molina Espinosa Y/O Obdulio Montoya Sosa', '', '', '1283', '1283', 1, 11, '', '2018-04-25'),
(239, 'Silvestre Montoya Maldonado', '', '', '1489', '1489', 1, 11, '', '2018-04-25'),
(240, 'Adazuny Aguilar Ramirez', '', '', '1418', '1418', 1, 11, '', '2018-04-25'),
(241, 'Evaristo Vicentenno Romero', '', '', '0984', '0984', 1, 11, '', '2018-04-25'),
(242, 'Francisco Conde Perez', '', '', '0001', '0001', 1, 11, '', '2018-04-25'),
(243, 'Margarita Flores Santamaria', '', '', '0027', '0027', 1, 11, '', '2018-04-25'),
(244, 'Daniel Cuahutecatl Romero', '', '', '0005', '0005', 1, 11, '', '2018-04-25'),
(245, 'Silvia Minor Moreno', '', '', '0007', '0007', 1, 11, '', '2018-04-25'),
(246, 'Fernando Pozos Serrano', '', '', '0008', '0008', 1, 11, '', '2018-04-25'),
(247, 'Elia Cebada Santacruz', '', '', '0009', '0009', 1, 11, '', '2018-04-25'),
(248, 'Irma Conde Hernandez', '', '', '0016', '0016', 1, 11, '', '2018-04-25'),
(249, 'Maria Elena Moreno Perez', '', '', '0017', '0017', 1, 11, '', '2018-04-25'),
(250, 'Benita Moreno Perez', '', '', '0018', '0018', 1, 11, '', '2018-04-25'),
(251, 'Serapio Cano Conde', '', '', '0019', '0019', 1, 11, '', '2018-04-25'),
(252, 'Jorge Carrillo Flores', '', '', '0020', '0020', 1, 11, '', '2018-04-25'),
(253, 'Margarita Flores Santamaria', '', '', '0022 Y 22A', '0022 Y 22A', 1, 11, '', '2018-04-25'),
(254, 'Teresa Conde Moreno', '', '', '1475', '1475', 1, 12, '', '2018-04-25'),
(255, 'Maria Felix Juarez Ordonnez', '', '', '1479', '1479', 1, 12, '', '2018-04-25'),
(256, 'Guadalupe Lopez Juarez', '', '', '1448', '1448', 1, 12, '', '2018-04-25'),
(257, 'Marlen Galicia Juarez', '', '', '1477', '1477', 1, 12, '', '2018-04-25'),
(258, 'Felipe Galicia  Juarez', '', '', '1298', '1298', 1, 12, '', '2018-04-25'),
(259, 'Emiliano Conde Aguilar', '', '', '1474', '1474', 1, 12, '', '2018-04-25'),
(260, 'Javier Cano Romero', '', '', '1229', '1229', 1, 12, '', '2018-04-25'),
(261, 'Leonilo Romero Sanchez', '', '', '1231', '1231', 1, 12, '', '2018-04-25'),
(262, 'Susana Alvarado Reyes', '', '', '1250', '1250', 1, 13, '', '2018-04-25'),
(263, 'Luis angel Conde Toral', '', '', '1344', '1344', 1, 13, '', '2018-04-25'),
(264, 'Dany Cuahutecatl Lopez', '', '', '1515', '1515', 1, 13, '', '2018-04-25'),
(265, 'Elvia Marquez aguila', '', '', '1207', '1207', 1, 13, '', '2018-04-25'),
(266, 'Leonel Romero Minor', '', '', '1226', '1226', 1, 13, '', '2018-04-25'),
(267, 'Ma Concepcion Tovar Lopez', '', '', '1366', '1366', 1, 13, '', '2018-04-25'),
(268, 'Humberto Cano Romero', '', '', '0883', '0883', 1, 13, '', '2018-04-25'),
(269, 'Nicolas Hernandez Lezama', '', '', '0067', '0067', 1, 14, '', '2018-04-25'),
(270, 'Guadalupe Sanchez Romero', '', '', '0003', '0003', 1, 15, '', '2018-04-25'),
(271, 'Alicia Coronado Ruiz', '', '', '0004', '0004', 1, 15, '', '2018-04-25'),
(272, 'Maria Isabel Carro Minor', '', '', '0006', '0006', 1, 15, '', '2018-04-25'),
(273, 'Alejandra Santacruz Enriquez', '', '', '0011', '0011', 1, 15, '', '2018-04-25'),
(274, 'Sarahi Munnoz Garcia', '', '', '0013', '0013', 1, 15, '', '2018-04-25'),
(275, 'Pedro Roberto Santacruz Enriquez', '', '', '0014', '0014', 1, 15, '', '2018-04-25'),
(276, 'Jose Espiridion Fernandez  Suarez', '', '', '0184', '0184', 1, 15, '', '2018-04-25'),
(277, 'Elsa Carro Ruiz', '', '', '1018', '1018', 1, 15, '', '2018-04-25'),
(278, 'Holinda Zapata Silva', '', '', '1233', '1233', 1, 15, '', '2018-04-25'),
(279, 'Jose Luis Santacruz Enriquez', '', '', '0012', '0012', 1, 15, '', '2018-04-25'),
(280, 'Aida Perez Briones', '', '', '1416', '1416', 1, 15, '', '2018-04-25'),
(281, 'Juan Vicentenno Cruz', '', '', '1447', '1447', 1, 15, '', '2018-04-25'),
(282, 'Juan Javier Sanchez Juarez', '', '', '0856', '0856', 1, 16, '', '2018-04-25'),
(283, 'Flor Maria Elena Lopez Flores', '', '', '1411', '1411', 1, 17, '', '2018-04-25'),
(284, 'Constructora E Inmobiliaria Tecalli', '', '', '1082', '1082', 1, 18, '', '2018-04-25'),
(285, 'Joel Antonio Miguel', '', '', '0084', '0084', 1, 18, '', '2018-04-25'),
(286, 'Esther Osorio Cruz', '', '', '0047', '0047', 1, 18, '', '2018-04-25'),
(287, 'Gregorio Macias Cruz', '', '', '1083', '1083', 1, 18, '', '2018-04-25'),
(288, 'Constructora E Inm. Tecalli', '', '', '0526', '0526', 1, 18, '', '2018-04-25'),
(289, 'Ofelia Perez Martinez', '', '', '0177', '0177', 1, 18, '', '2018-04-25'),
(290, 'Benito Gutierrez Romero', '', '', '0187', '0187', 1, 18, '', '2018-04-25'),
(291, 'Yina Lopez Perez', '', '', '0744', '0744', 1, 18, '', '2018-04-25'),
(292, 'Martin Bernal Ramirez', '', '', '0813', '0813', 1, 18, '', '2018-04-25'),
(293, 'Araceli Tellez Munnoz', '', '', '0272', '0272', 1, 18, '', '2018-04-25'),
(294, 'Gicela Garcia Flores', '', '', '0753', '0753', 1, 18, '', '2018-04-25'),
(295, 'Marisol Del Carmen Cano Sanchez', '', '', '0077', '0077', 1, 18, '', '2018-04-25'),
(296, 'Constructora E Inmobiliaria Tecalli', '', '', '0078', '0078', 1, 18, '', '2018-04-25'),
(297, 'Alfonso Guadalupe Carro Juarez', '', '', '1277', '1277', 1, 19, '', '2018-04-25'),
(298, 'Maria Esther Lopez Valadez', '', '', '1326', '1326', 1, 19, '', '2018-04-25'),
(299, 'Benito Conde Rodriguez', '', '', '1263', '1263', 1, 19, '', '2018-04-25'),
(300, 'Jose Pilar Jimenez Guevara', '', '', '0692', '0692', 1, 20, '', '2018-04-25'),
(301, 'Mario Tetlacuilo', '', '', '1015', '1015', 1, 20, '', '2018-04-25'),
(302, 'Victor Hernandez Zempoalteca', '', '', '1232', '1232', 1, 20, '', '2018-04-25'),
(303, 'Victor Manuel Zempoalteca Portilla', '', '', '1234', '1234', 1, 20, '', '2018-04-25'),
(304, 'Guadalupe Marquez Vazquez', '', '', '1297', '1297', 1, 20, '', '2018-04-25'),
(305, 'Victor Olegario Perez Vega', '', '', '0328', '0328', 1, 20, '', '2018-04-25'),
(306, 'Blanca Sanchez Aguilar', '', '', '1329', '1329', 1, 20, '', '2018-04-25'),
(307, 'Filiberto Zempoalteca Zempoalteca', '', '', '0764', '0764', 1, 20, '', '2018-04-25'),
(308, 'Armando Rojas Hernandez', '', '', '0010', '0010', 1, 21, '', '2018-04-25'),
(309, 'africa Santacruz Hernandez', '', '', '0036', '0036', 1, 21, '', '2018-04-25'),
(310, 'Maria Salustia Santacruz Flores', '', '', '0038', '0038', 1, 21, '', '2018-04-25'),
(311, 'Ovidio Zempoalteca Maravilla', '', '', '0039', '0039', 1, 21, '', '2018-04-25'),
(312, 'Moises Zempoalteca Nava', '', '', '0040', '0040', 1, 21, '', '2018-04-25'),
(313, 'Maria De Los angeles Zempoalteca Maravilla', '', '', '0045', '0045', 1, 21, '', '2018-04-25'),
(314, 'Armando Gallegos Hernandez', '', '', '0046', '0046', 1, 21, '', '2018-04-25'),
(315, 'Hermenegildo Santacruz Conde', '', '', '0051', '0051', 1, 21, '', '2018-04-25'),
(316, 'Franco Silva Cuapio', '', '', '0052', '0052', 1, 21, '', '2018-04-25'),
(317, 'Hugo Santacruz Conde', '', '', '0053', '0053', 1, 21, '', '2018-04-25'),
(318, 'Tomas Silva Zempoalteca', '', '', '0054', '0054', 1, 21, '', '2018-04-25'),
(319, 'Ignacia Jimenez Hernandez', '', '', '0059', '0059', 1, 21, '', '2018-04-25'),
(320, 'Sixta Jimenez Morales', '', '', '0060', '0060', 1, 21, '', '2018-04-25'),
(321, 'Claudio Conde Carrillo', '', '', '0061', '0061', 1, 21, '', '2018-04-25'),
(322, 'Silvestre Aaron Conde Moreno', '', '', '0063', '0063', 1, 21, '', '2018-04-25'),
(323, 'Valentina Conde Moreno', '', '', '0064', '0064', 1, 21, '', '2018-04-25'),
(324, 'Carlos Astorga Saldanna', '', '', '0065', '0065', 1, 21, '', '2018-04-25'),
(325, 'Alejandra Conde Moreno', '', '', '0068', '0068', 1, 21, '', '2018-04-25'),
(326, 'Ruben Reyes Ramirez', '', '', '0073', '0073', 1, 21, '', '2018-04-25'),
(327, 'Faustino Moreno Pichon', '', '', '0079', '0079', 1, 21, '', '2018-04-25'),
(328, 'Blanca Aguilar Gracia', '', '', '0085', '0085', 1, 21, '', '2018-04-25'),
(329, 'Elvia Bello Aguilar', '', '', '0086', '0086', 1, 21, '', '2018-04-25'),
(330, 'Jose Luis Conde Perez', '', '', '0087', '0087', 1, 21, '', '2018-04-25'),
(331, 'David Santacruz Enriquez', '', '', '0088', '0088', 1, 21, '', '2018-04-25'),
(332, 'Maria Felix Cano Jimenez', '', '', '0090', '0090', 1, 21, '', '2018-04-25'),
(333, 'Delfina Conde Silva', '', '', '0091', '0091', 1, 21, '', '2018-04-25'),
(334, 'Salomon Navarro Morales', '', '', '0092', '0092', 1, 21, '', '2018-04-25'),
(335, 'Hilarion Navarro Zempoalteca', '', '', '0093', '0093', 1, 21, '', '2018-04-25'),
(336, 'Nicolasa Conde Morales', '', '', '0094', '0094', 1, 21, '', '2018-04-25'),
(337, 'J Concepcion Eliosa Santacruz', '', '', '0096', '0096', 1, 21, '', '2018-04-25'),
(338, 'Agustin Conde Moreno', '', '', '0097', '0097', 1, 21, '', '2018-04-25'),
(339, 'Servando Aguilar Gracia', '', '', '0099', '0099', 1, 21, '', '2018-04-25'),
(340, 'Silvano Aguilar Conde  (0831)', '', '', '0100', '0100', 1, 21, '', '2018-04-25'),
(341, 'Elida Cuapio Estrada', '', '', '0101', '0101', 1, 21, '', '2018-04-25'),
(342, 'Rosa Bote Moreno', '', '', '0102', '0102', 1, 21, '', '2018-04-25'),
(343, 'Agustin Ramirez Santacruz', '', '', '0106', '0106', 1, 21, '', '2018-04-25'),
(344, 'Ignacio Aguilar Aguilar', '', '', '0199', '0199', 1, 21, '', '2018-04-25'),
(345, 'Arminda Ramirez Santacruz', '', '', '0498', '0498', 1, 21, '', '2018-04-25'),
(346, 'Cesar Ramirez Perez', '', '', '0911', '0911', 1, 21, '', '2018-04-25'),
(347, 'Enrique Gracia Morales', '', '', '1091', '1091', 1, 21, '', '2018-04-25'),
(348, 'Lucio Bote Cuapio', '', '', '1096', '1096', 1, 21, '', '2018-04-25'),
(349, 'Prisciliano Silva Zempoalteca', '', '', '1172', '1172', 1, 21, '', '2018-04-25'),
(350, 'Esc. Telesecundaria Jose Vasconcelos', '', '', '1186', '1186', 1, 21, '', '2018-04-25'),
(351, 'Elmer Ramirez Conde', '', '', '1258', '1258', 1, 21, '', '2018-04-25'),
(352, 'Alberto Conde Moreno', '', '', '0076', '0076', 1, 21, '', '2018-04-25'),
(353, 'Vianey Santacruz Minor', '', '', '0145', '0145', 1, 21, '', '2018-04-25'),
(354, 'Fortino Gonzalez Santacruz', '', '', '1059', '1059', 1, 21, '', '2018-04-25'),
(355, 'Hector Eliosa Santacruz', '', '', '1132', '1132', 1, 21, '', '2018-04-25'),
(356, 'Marcos Conde Morales', '', '', '0062', '0062', 1, 21, '', '2018-04-25'),
(357, 'Ariel Moreno Santacruz', '', '', '0043', '0043', 1, 21, '', '2018-04-25'),
(358, 'Juan Silva Cuapio', '', '', '0056', '0056', 1, 21, '', '2018-04-25'),
(359, 'Jorge Conde Estrada', '', '', '1292', '1292', 1, 21, '', '2018-04-25'),
(360, 'Micaela Santacruz Moreno', '', '', '0566', '0566', 1, 21, '', '2018-04-25'),
(361, 'Jose Isabel Aguilar Flores', '', '', '0831', '0831', 1, 21, '', '2018-04-25'),
(362, 'Emanuel Antonio Tolamatl', '', '', '1503', '1503', 1, 21, '', '2018-04-25'),
(363, 'Oscar V Jimenez Perez', '', '', '0103', '0103', 1, 21, '', '2018-04-25'),
(364, 'Azael Conde Carrillo', '', '', '1135', '1135', 1, 21, '', '2018-04-25'),
(365, 'Manuel Franco Rosas', '', '', '1068', '1068', 1, 21, '', '2018-04-25'),
(366, 'Celia Montes Olivos', '', '', '1279', '1279', 1, 21, '', '2018-04-25'),
(367, 'Alicia Perez Zempoalteca', '', '', '0037', '0037', 1, 21, '', '2018-04-25'),
(368, 'Rosaura Zempoalteca Maravilla', '', '', '0080', '0080', 1, 21, '', '2018-04-25'),
(369, 'Rosaura Zempoalteca Maravilla (Sonia Luna Z.)', '', '', '1294', '1294', 1, 21, '', '2018-04-25'),
(370, 'Rosaura Zempoalteca Maravilla) (Anahi Luna Z.)', '', '', '1295', '1295', 1, 21, '', '2018-04-25'),
(371, 'Rosaura Zempoalteca (Olga Lidia Santacruz Z.)', '', '', '1296', '1296', 1, 21, '', '2018-04-25'),
(372, 'Flora Aguilar Gracia', '', '', '1422-A', '1422-A', 1, 21, '', '2018-04-25'),
(373, 'Juan Moreno Santacruz', '', '', '0044', '0044', 1, 21, '', '2018-04-25'),
(374, 'Ricardo Cuapio Hernandez', '', '', '0058', '0058', 1, 21, '', '2018-04-25'),
(375, 'Martin Santacruz Perez', '', '', '0546-A', '0546-A', 1, 21, '', '2018-04-25'),
(376, 'Bertin Eliosa Santacruz', '', '', '1113', '1113', 1, 21, '', '2018-04-25'),
(377, 'Fermin Conde Rodriguez', '', '', '0083', '0083', 1, 21, '', '2018-04-25'),
(378, 'Magdalena Bello Perez', '', '', '1110', '1110', 1, 21, '', '2018-04-25'),
(379, 'Virginia Conde Rodriguez', '', '', '0619', '0619', 1, 21, '', '2018-04-25'),
(380, 'Jose Guadalupe Gallegos Conde', '', '', '1090', '1090', 1, 21, '', '2018-04-25'),
(381, 'Hilaria Torres Sanchez', '', '', '0048', '0048', 1, 21, '', '2018-04-25'),
(382, 'David Zempoalteca Nava', '', '', '0041', '0041', 1, 21, '', '2018-04-25'),
(383, 'David Zainos Sanchez', '', '', '1189', '1189', 1, 21, '', '2018-04-25'),
(384, 'Job Zempoalteca Nava', '', '', '0042', '0042', 1, 21, '', '2018-04-25'),
(385, 'Nicolas Morales Cuapio', '', '', '0069', '0069', 1, 21, '', '2018-04-25'),
(386, 'Prisciliano Herrera Vazquez', '', '', '1173', '1173', 1, 21, '', '2018-04-25'),
(387, 'Rodolfo Conde Rodriguez', '', '', '0082', '0082', 1, 21, '', '2018-04-25'),
(388, 'Gloria Santacruz Conde', '', '', '0050', '0050', 1, 21, '', '2018-04-25'),
(389, 'Nicolas Minor Flores', '', '', '0070', '0070', 1, 21, '', '2018-04-25'),
(390, 'Agustin Conde Pichon', '', '', '0531', '0531', 1, 21, '', '2018-04-25'),
(391, 'Hilario Romero Sanchez', '', '', '0109', '0109', 1, 21, '', '2018-04-25'),
(392, 'Maria Ascension Rosa Cuapio Popocatl', '', '', '1155', '1155', 1, 21, '', '2018-04-25'),
(393, 'Roberto Rodriguez Polvo', '', '', '0089', '0089', 1, 21, '', '2018-04-25'),
(394, 'Uvelia Zempoalteca Maravilla', '', '', '1314', '1314', 1, 22, '', '2018-04-25'),
(395, 'Asuncion Munnoz Hernandez', '', '', '1490', '1490', 1, 23, '', '2018-04-25'),
(396, 'Juan Vicentenno Cruz', '', '', '0031', '0031', 1, 23, '', '2018-04-25'),
(397, 'Carlos Vicentenno Romero', '', '', '0032', '0032', 1, 23, '', '2018-04-25'),
(398, 'Yolanda Ochoa Romero', '', '', '0033', '0033', 1, 23, '', '2018-04-25'),
(399, 'Prisciliano Herrera Mendoza', '', '', '0034', '0034', 1, 23, '', '2018-04-25'),
(400, 'Pablo Gallegos Hernandez', '', '', '0035', '0035', 1, 23, '', '2018-04-25'),
(401, 'Isidro Mendoza', '', '', '0072', '0072', 1, 23, '', '2018-04-25'),
(402, 'Pedro Gallegos Conde', '', '', '0071', '0071', 1, 23, '', '2018-04-25'),
(403, 'Martha Laura  Minor  Perez', '', '', '0353-A', '0353-A', 1, 24, '', '2018-04-25'),
(404, 'angel Pulido Arteaga', '', '', '1385', '1385', 1, 25, '', '2018-04-25'),
(405, 'Mayra Elizabeth Hernandez Delgado', '', '', '1428', '1428', 1, 26, '', '2018-04-25'),
(406, 'Julio Popocatl Ramirez', '', '', '0705', '0705', 1, 26, '', '2018-04-25'),
(407, 'Manuel Jimenez Guevara', '', '', '1413', '1413', 1, 26, '', '2018-04-25'),
(408, 'Sergio Santacruz Jimenez', '', '', '0647', '0647', 1, 27, '', '2018-04-25'),
(409, 'Luis Alberto Santacruz Lima', '', '', '0970', '0970', 1, 27, '', '2018-04-25'),
(410, 'Juan Hernandez Garcia', '', '', '1020', '1020', 1, 28, '', '2018-04-25'),
(411, 'Ma Elena Delgado Flores', '', '', '1025', '1025', 1, 28, '', '2018-04-25'),
(412, 'Ignacio Valencia Solano', '', '', '1074', '1074', 1, 28, '', '2018-04-25'),
(413, 'Juan Gallegos Sanchez', '', '', '1022', '1022', 1, 28, '', '2018-04-25'),
(414, 'Rosa Flores Cuapio', '', '', '0721-A', '0721-A', 1, 28, '', '2018-04-25'),
(415, 'Maria De Los Santos Jimenez Zempoalteca', '', '', '1021', '1021', 1, 28, '', '2018-04-25'),
(416, 'Javier Juarez Vazquez', '', '', '0081', '0081', 1, 28, '', '2018-04-25'),
(417, 'Eva Cano Flores', '', '', '1019', '1019', 1, 28, '', '2018-04-25'),
(418, 'Jovita Flores Cuapio', '', '', '0029', '0029', 1, 28, '', '2018-04-25'),
(419, 'Apolinar Gutierrez Barrios', '', '', '1335', '1335', 1, 29, '', '2018-04-25'),
(420, 'Adolfo Cuahutecatl Grande', '', '', '1260', '1260', 1, 30, '', '2018-04-25'),
(421, 'Grissel Delgado Guevara', '', '', '0700', '0700', 1, 30, '', '2018-04-25'),
(422, 'Jairzinho Guevara  Cuapio', '', '', '1463', '1463', 1, 30, '', '2018-04-25'),
(423, 'Armando Santacruz  Zapata', '', '', '1473', '1473', 1, 30, '', '2018-04-25'),
(424, 'Blanca Delgado Flores', '', '', '0860', '0860', 1, 30, '', '2018-04-25'),
(425, 'Josefina Delgado Flores', '', '', '0859', '0859', 1, 30, '', '2018-04-25'),
(426, 'Angelica Rivera  Delgado', '', '', '1458', '1458', 1, 30, '', '2018-04-25'),
(427, 'Ma Del Carmen Delgado Flores', '', '', '1462', '1462', 1, 30, '', '2018-04-25'),
(428, 'Patricia Merino Enriquez', '', '', '1264', '1264', 1, 31, '', '2018-04-25'),
(429, 'Alicia Delgado Tuxpan', '', '', '1309', '1309', 1, 31, '', '2018-04-25'),
(430, 'Christian Briones Minor', '', '', '1307', '1307', 1, 31, '', '2018-04-25'),
(431, 'Lidia Flores Santamaria', '', '', '1522', '1522', 1, 31, '', '2018-04-25'),
(432, 'Jose Mario Merino Enriquez (Dos Tomas)', '', '', '0691', '0691', 1, 32, '', '2018-04-25'),
(433, 'Ernesto  Briones Juarez', '', '', '0722', '0722', 1, 32, '', '2018-04-25'),
(434, 'Francisco Juarez Perez', '', '', '0779-B', '0779-B', 1, 32, '', '2018-04-25'),
(435, 'Jesus Santacruz Santacruz', '', '', '0598', '0598', 1, 33, '', '2018-04-25'),
(436, 'Maria Alma Santacruz Santacruz', '', '', '0876', '0876', 1, 33, '', '2018-04-25'),
(437, 'Fidel Sanchez Moreno', '', '', '0556', '0556', 1, 34, '', '2018-04-25'),
(438, 'Rosario Hernandez Hernandez', '', '', '0559', '0559', 1, 34, '', '2018-04-25'),
(439, 'Felipa Cruz Ortega', '', '', '0603', '0603', 1, 34, '', '2018-04-25'),
(440, 'Elizabeth Santacruz Carro', '', '', '0606', '0606', 1, 34, '', '2018-04-25'),
(441, 'Jose Luis Cuapio', '', '', '0608', '0608', 1, 34, '', '2018-04-25'),
(442, 'Juan Manuel Juarez Cano', '', '', '0609', '0609', 1, 34, '', '2018-04-25'),
(443, 'Reyes Mendieta Corona', '', '', '0611', '0611', 1, 34, '', '2018-04-25'),
(444, 'Thirma Olga Chong Alfaro', '', '', '0612', '0612', 1, 34, '', '2018-04-25'),
(445, 'Lucila Cortez Zempoalteca', '', '', '0613-A', '0613-A', 1, 34, '', '2018-04-25'),
(446, 'Mario Jimenez Cuapio', '', '', '0616', '0616', 1, 34, '', '2018-04-25'),
(447, 'Blanca Gallegos Hernandez', '', '', '0923', '0923', 1, 34, '', '2018-04-25'),
(448, 'Alejandro Valencia Ahuatzin', '', '', '0935', '0935', 1, 34, '', '2018-04-25'),
(449, 'Ernestina Cuahutecatl Sauce', '', '', '1181', '1181', 1, 34, '', '2018-04-25'),
(450, 'Janell Popocatl Santacruz', '', '', '1209', '1209', 1, 34, '', '2018-04-25'),
(451, 'Shiirley Carro Sanchez', '', '', '1210', '1210', 1, 34, '', '2018-04-25'),
(452, 'Emilio Jimenez Cuapio', '', '', '0688', '0688', 1, 34, '', '2018-04-25'),
(453, 'Armando Cuapio Cuahutecatl', '', '', '1305', '1305', 1, 34, '', '2018-04-25'),
(454, 'Griselda avila Orozco', '', '', '0607-A', '0607-A', 1, 34, '', '2018-04-25'),
(455, 'Josefina Romero Moreno', '', '', '0604-A', '0604-A', 1, 34, '', '2018-04-25'),
(456, 'Esmeralda Julia Ramirez Gallegos', '', '', '1116', '1116', 1, 34, '', '2018-04-25'),
(457, 'Lilia Jimenez Perez', '', '', '0920', '0920', 1, 34, '', '2018-04-25'),
(458, 'J Gerardo avila Ramirez', '', '', '0607', '0607', 1, 34, '', '2018-04-25'),
(459, 'Ofelia Santacruz Caltempa', '', '', '1052', '1052', 1, 34, '', '2018-04-25'),
(460, 'Yolanda Romero Moreno', '', '', '0604', '0604', 1, 34, '', '2018-04-25'),
(461, 'Maria Luisa Gallegos Zempoalteca', '', '', '1138', '1138', 1, 34, '', '2018-04-25'),
(462, 'Jose Omar Ramirez Gallegos', '', '', '1117', '1117', 1, 34, '', '2018-04-25'),
(463, 'Marco Antonio Conde Carrillo', '', '', '0620', '0620', 1, 34, '', '2018-04-25'),
(464, 'Delfina Munnoz Sanchez', '', '', '1228', '1228', 1, 34, '', '2018-04-25'),
(465, 'Vicente Lopez Ramos', '', '', '0602', '0602', 1, 34, '', '2018-04-25'),
(466, 'Zully Juarez Santacruz', '', '', '1421', '1421', 1, 34, '', '2018-04-25'),
(467, 'Sergio Conde Zempoalteca', '', '', '1439', '1439', 1, 34, '', '2018-04-25'),
(468, 'Raul Sanchez  Torres', '', '', '1478', '1478', 1, 34, '', '2018-04-25'),
(469, 'Praxedis Santacruz Aguilar', '', '', '1488', '1488', 1, 34, '', '2018-04-25'),
(470, 'Maria Juana Romero Moreno', '', '', '1267', '1267', 1, 34, '', '2018-04-25'),
(471, 'Ma Beatriz Cuahutecatl Moreno', '', '', '1436', '1436', 1, 34, '', '2018-04-25'),
(472, 'Veronica Lopez Carmona', '', '', '1365', '1365', 1, 35, '', '2018-04-25'),
(473, 'Saul Zarate Tonix', '', '', '1094', '1094', 1, 36, '', '2018-04-25'),
(474, 'Valentin Santacruz Cuahutle', '', '', '1194', '1194', 1, 36, '', '2018-04-25'),
(475, 'Odilon Flores Flores', '', '', '1518', '1518', 1, 36, '', '2018-04-25'),
(476, 'Saul Jimenez Perez', '', '', '0335', '0335', 1, 36, '', '2018-04-25'),
(477, 'Edith Rojas Cortes', '', '', '0486', '0486', 1, 36, '', '2018-04-25'),
(478, 'Anabel Minor Vazquez', '', '', '0492', '0492', 1, 36, '', '2018-04-25'),
(479, 'Antonia Garcia Jacobo', '', '', '0560', '0560', 1, 36, '', '2018-04-25'),
(480, 'Marco Antonio Flores Ramirez', '', '', '0654', '0654', 1, 36, '', '2018-04-25'),
(481, 'Luis Manuel Cupa Miranda', '', '', '0664', '0664', 1, 36, '', '2018-04-25'),
(482, 'Filadelfo Zempoalteca Gonzalez', '', '', '0669', '0669', 1, 36, '', '2018-04-25'),
(483, 'Manuel Antonio Jimenez', '', '', '0672', '0672', 1, 36, '', '2018-04-25'),
(484, 'Catalino Ortega Corona', '', '', '0683', '0683', 1, 36, '', '2018-04-25'),
(485, 'Arturo Ortiz Zamora  (Dos Tomas)', '', '', '0684', '0684', 1, 36, '', '2018-04-25'),
(486, 'Arnulfo Munnoz Aguilar', '', '', '0685', '0685', 1, 36, '', '2018-04-25'),
(487, 'Oswaldo Cuapio Jimenez', '', '', '0686', '0686', 1, 36, '', '2018-04-25'),
(488, 'Rogelio Zempoalteca Gallegos', '', '', '0690', '0690', 1, 36, '', '2018-04-25'),
(489, 'Carlos Jimenez Cuapio', '', '', '0693', '0693', 1, 36, '', '2018-04-25'),
(490, 'Maria Marleni Diana Jimenez Perez', '', '', '0709', '0709', 1, 36, '', '2018-04-25'),
(491, 'Nayeli Conde Perez', '', '', '0711', '0711', 1, 36, '', '2018-04-25'),
(492, 'Baltazar Ramirez Sanchez', '', '', '0717', '0717', 1, 36, '', '2018-04-25'),
(493, 'Jose Antonio Ortega Juarez', '', '', '0719', '0719', 1, 36, '', '2018-04-25'),
(494, 'Blanca Estela Sanchez Perez', '', '', '0721', '0721', 1, 36, '', '2018-04-25'),
(495, 'Oscar Jimenez Laguna', '', '', '0726', '0726', 1, 36, '', '2018-04-25'),
(496, 'Ignacio Meneses  Lopez  (Paga 3 Tomas 822-A 822-B)', '', '', '0822', '0822', 1, 36, '', '2018-04-25'),
(497, 'Promotora E Inmobiliaria, Construcciones Y Supervi', '', '', '1014-A', '1014-A', 1, 36, '', '2018-04-25'),
(498, 'Sergio Conde Zapata', '', '', '1014', '1014', 1, 36, '', '2018-04-25'),
(499, 'Claudia Rocio Cilia Mireles', '', '', '1087', '1087', 1, 36, '', '2018-04-25'),
(500, 'Rufino Luis Jimenez Juarez', '', '', '1099', '1099', 1, 36, '', '2018-04-25'),
(501, 'Rogelio Pedroza Sanchez', '', '', '1123', '1123', 1, 36, '', '2018-04-25'),
(502, 'Domingo Marquez Calihua', '', '', '1144', '1144', 1, 36, '', '2018-04-25'),
(503, 'Ma Luisa Ramirez Zempoalteca', '', '', '1166', '1166', 1, 36, '', '2018-04-25'),
(504, 'Jose Ma. Conde Mejia', '', '', '1174', '1174', 1, 36, '', '2018-04-25'),
(505, 'Esc. Secundaria \"Leonarda Gomez Blanco\"', '', '', '1185', '1185', 1, 36, '', '2018-04-25'),
(506, 'Asencion Catalino Ortega Corona', '', '', '1216', '1216', 1, 36, '', '2018-04-25'),
(507, 'Bonifacio Castillo Castillo', '', '', '1249', '1249', 1, 36, '', '2018-04-25'),
(508, 'Alba Hernandez Cordova', '', '', '0175', '0175', 1, 36, '', '2018-04-25'),
(509, 'Gonzalo Jimenez Conde', '', '', '1081', '1081', 1, 36, '', '2018-04-25'),
(510, 'Sergio Jimenez Quintero   (Hotel)', '', '', '0255', '0255', 1, 36, '', '2018-04-25'),
(511, 'Saul Cuapio Jimenez', '', '', '0689', '0689', 1, 36, '', '2018-04-25'),
(512, 'Esc. Secundaria \"Leonarda Gomez Blanco', '', '', '0682', '0682', 1, 36, '', '2018-04-25'),
(513, 'Victor Varela Conde', '', '', '1286', '1286', 1, 36, '', '2018-04-25'),
(514, 'Ignacio Meneses Lopez  ( Casa )', '', '', '1299', '1299', 1, 36, '', '2018-04-25'),
(515, 'Antelmo Lara Hernandez', '', '', '1334', '1334', 1, 36, '', '2018-04-25'),
(516, 'Sergio Aguilar Salazar', '', '', '1349', '1349', 1, 36, '', '2018-04-25'),
(517, 'Enriqueta Pichon Conde', '', '', '1412', '1412', 1, 36, '', '2018-04-25'),
(518, 'Rosa Isela Cuapio Perez', '', '', '1434', '1434', 1, 36, '', '2018-04-25'),
(519, 'Diego Galicia Santacruz', '', '', '1497', '1497', 1, 36, '', '2018-04-25'),
(520, 'Ignacio Juarez Perez', '', '', '0779-C', '0779-C', 1, 36, '', '2018-04-25'),
(521, 'Olivia Juarez Perez', '', '', '0779-D', '0779-D', 1, 36, '', '2018-04-25'),
(522, 'Salomon Delgado Zempoalteca', '', '', '0707', '0707', 1, 36, '', '2018-04-25'),
(523, 'Alberto Juarez Cuapio', '', '', '0714', '0714', 1, 36, '', '2018-04-25'),
(524, 'Hector Santacruz Aguilar', '', '', '0704', '0704', 1, 36, '', '2018-04-25'),
(525, 'Atanasia Molina Atonal', '', '', '0679', '0679', 1, 36, '', '2018-04-25'),
(526, 'Roselia Juarez Juarez', '', '', '0718', '0718', 1, 36, '', '2018-04-25'),
(527, 'Sonia Guarneros Juarez', '', '', '0720', '0720', 1, 36, '', '2018-04-25'),
(528, 'Consuelo Zapata Perez', '', '', '0725', '0725', 1, 36, '', '2018-04-25'),
(529, 'Adriana Zempoalteca Varela', '', '', '1395', '1395', 1, 36, '', '2018-04-25'),
(530, 'Jose Ramos Paredes', '', '', '0517', '0517', 1, 36, '', '2018-04-25'),
(531, 'Dulce Maria Conde Aguilar', '', '', '0148', '0148', 1, 36, '', '2018-04-25'),
(532, 'Antonio Moreno Silva', '', '', '0661', '0661', 1, 36, '', '2018-04-25'),
(533, 'Nestor Vicente Moreno Tetlacuilo', '', '', '0662', '0662', 1, 36, '', '2018-04-25'),
(534, 'Edilio Molina Atonal', '', '', '0676', '0676', 1, 36, '', '2018-04-25'),
(535, 'Javier Santacruz Varela', '', '', '1520', '1520', 1, 36, '', '2018-04-25'),
(536, 'Jose Luis Hernandez Cordova', '', '', '0175-A', '0175-A', 1, 36, '', '2018-04-25'),
(537, 'Miguel Torres Hernandez', '', '', '0658', '0658', 1, 36, '', '2018-04-25'),
(538, 'Crescenciano Cuapio Sanchez', '', '', '0687', '0687', 1, 36, '', '2018-04-25'),
(539, 'Marisol Minor Vasquez', '', '', '1168', '1168', 1, 36, '', '2018-04-25'),
(540, 'Tranquilino Atonal Ortiz', '', '', '0613', '0613', 1, 36, '', '2018-04-25'),
(541, 'Mario Alberto Atonal Velazquez', '', '', '0663', '0663', 1, 36, '', '2018-04-25'),
(542, 'Emiliano Conde Aguilar', '', '', '0681', '0681', 1, 36, '', '2018-04-25'),
(543, 'Alberto Santacruz Minor', '', '', '0731', '0731', 1, 36, '', '2018-04-25'),
(544, 'Catalina Molina Jimenez', '', '', '0736', '0736', 1, 36, '', '2018-04-25'),
(545, 'Prisciliano Molina Atonal', '', '', '0680', '0680', 1, 36, '', '2018-04-25'),
(546, 'Gonzalo Munnoz Aguilar', '', '', '0653', '0653', 1, 36, '', '2018-04-25'),
(547, 'Olga Lidia Atonal Ortiz', '', '', '1437', '1437', 1, 36, '', '2018-04-25'),
(548, 'Veronica Tepepa Sanchez', '', '', '1437-A', '1437-A', 1, 36, '', '2018-04-25'),
(549, 'Jaime Zempoalteca Flores', '', '', '0666', '0666', 1, 36, '', '2018-04-25'),
(550, 'Maria Soledad Jimenez Cuapio', '', '', '1337', '1337', 1, 36, '', '2018-04-25'),
(551, 'Jose Fdo. E. Aguilar Salazar', '', '', '1350', '1350', 1, 36, '', '2018-04-25'),
(552, 'Daysy Aguilar Rodriguez', '', '', '1351', '1351', 1, 36, '', '2018-04-25'),
(553, 'Manuel Juarez Perez', '', '', '0779-A', '0779-A', 1, 36, '', '2018-04-25'),
(554, 'Fabricio Cuahutecatl Hernandez', '', '', '0319', '0319', 1, 36, '', '2018-04-25'),
(555, 'Cesar Arturo Conde Perez', '', '', '0710', '0710', 1, 36, '', '2018-04-25'),
(556, 'Roselia Jimenez Cortes', '', '', '0715', '0715', 1, 36, '', '2018-04-25'),
(557, 'Maria Del Carmen Vazquez Marcial', '', '', '1328', '1328', 1, 36, '', '2018-04-25'),
(558, 'Bertha Moreno Silva', '', '', '0659', '0659', 1, 36, '', '2018-04-25'),
(559, 'Dionisia Briones Juarez', '', '', '0234', '0234', 1, 36, '', '2018-04-25'),
(560, 'Rut Delgado Santiago', '', '', '0391', '0391', 1, 36, '', '2018-04-25'),
(562, 'Saul Juarez Briones', '', '', '0315', '0315', 1, 36, '', '2018-04-25'),
(563, 'Samuel Edgar Ramirez Gallegos', '', '', '0614', '0614', 1, 36, '', '2018-04-25'),
(564, 'Silverio Flores Ramirez', '', '', '0696', '0696', 1, 36, '', '2018-04-25'),
(565, 'Javier Juarez Vazquez', '', '', '0713', '0713', 1, 36, '', '2018-04-25'),
(566, 'Imelda Jimenez Santacruz', '', '', '0701', '0701', 1, 36, '', '2018-04-25'),
(567, 'Anel Jimenez Perez  (Hotel Anel) 3 Tomas', '', '', '1400', '1400', 1, 36, '', '2018-04-25'),
(568, 'Emilio Hernandez Sartillo    Paga 2 Tomas', '', '', '0724', '0724', 1, 36, '', '2018-04-25'),
(569, 'Hector Lima Flores', '', '', '0729', '0729', 1, 36, '', '2018-04-25'),
(570, 'Jose Pilar Jimenez Guevara', '', '', '0645', '0645', 1, 36, '', '2018-04-25'),
(571, 'Jose Leon Luis Jimenez Torres', '', '', '0727', '0727', 1, 36, '', '2018-04-25'),
(572, 'Carlos Juarez Moreno', '', '', '0655', '0655', 1, 36, '', '2018-04-25'),
(573, 'Sergio Hernandez Cordova', '', '', '0175-B', '0175-B', 1, 36, '', '2018-04-25'),
(574, 'Inmobiliaria Totolac S.A.', '', '', '0656', '0656', 1, 36, '', '2018-04-25'),
(575, 'Jose Pilar Jimenez Guevara', '', '', '0706', '0706', 1, 36, '', '2018-04-25'),
(576, 'Yair Zempoalteca Juarez', '', '', '0670', '0670', 1, 36, '', '2018-04-25'),
(577, 'Saarinen Zempoalteca  Juarez', '', '', '0669-A', '0669-A', 1, 36, '', '2018-04-25'),
(578, 'Sergio Cano Jimenez', '', '', '0668', '0668', 1, 36, '', '2018-04-25'),
(579, 'Ma De Lourdes Ortiz Salinas', '', '', '0695', '0695', 1, 36, '', '2018-04-25'),
(580, 'Javier Santacruz Varela', '', '', '0730', '0730', 1, 36, '', '2018-04-25'),
(581, 'Vladimir Conde Zempoalteca', '', '', '1485', '1485', 1, 36, '', '2018-04-25'),
(582, 'Citlali Ortiz Cano', '', '', '1177', '1177', 1, 36, '', '2018-04-25'),
(583, 'Estela Jimenez Cuapio', '', '', '1358', '1358', 1, 36, '', '2018-04-25'),
(584, 'Jose Molina Atonal', '', '', '0678', '0678', 1, 36, '', '2018-04-25'),
(585, 'Oxxo Express S.A. De C.V.', '', '', '1394', '1394', 1, 36, '', '2018-04-25'),
(586, 'Ana Maria Perez Delgado', '', '', '1161', '1161', 1, 36, '', '2018-04-25'),
(587, 'Maricela Juarez Zempoalteca', '', '', '0671', '0671', 1, 36, '', '2018-04-25'),
(588, 'Adelina Juarez Arenas', '', '', '0674', '0674', 1, 36, '', '2018-04-25'),
(589, 'Alfonso Reyes Roldan', '', '', '0665', '0665', 1, 36, '', '2018-04-25'),
(590, 'Anastasia Molina Atonal', '', '', '1200', '1200', 1, 36, '', '2018-04-25'),
(591, 'Lourdes Zempoalteca Gonzalez', '', '', '0667', '0667', 1, 36, '', '2018-04-25'),
(592, 'Jose Dolores Molina Atonal', '', '', '0677', '0677', 1, 36, '', '2018-04-25'),
(593, 'Juan Aguilar Juarez', '', '', '0694', '0694', 1, 36, '', '2018-04-25'),
(594, 'Roberto Cuapio Rodriguez', '', '', '1363', '1363', 1, 36, '', '2018-04-25'),
(595, 'J Gregorio Salvador Aguilar Salazar', '', '', '0568', '0568', 1, 37, '', '2018-04-25'),
(596, 'Jacinto Santacruz Moreno', '', '', '0570', '0570', 1, 37, '', '2018-04-25'),
(597, 'Rafael Hernandez Bautista', '', '', '0571', '0571', 1, 37, '', '2018-04-25'),
(598, 'Jose Luis Gonzalez Delgado', '', '', '0572', '0572', 1, 37, '', '2018-04-25'),
(599, 'J Liborio Gonzalez Delgado', '', '', '0574', '0574', 1, 37, '', '2018-04-25'),
(600, 'Jose Gilberto Valentin Conde Reyes', '', '', '0582', '0582', 1, 37, '', '2018-04-25'),
(601, 'Armando Sanchez Moreno', '', '', '0586', '0586', 1, 37, '', '2018-04-25'),
(602, 'Leonel Conde Perez', '', '', '0587', '0587', 1, 37, '', '2018-04-25'),
(603, 'Vladimir Cartas Juarez', '', '', '0589', '0589', 1, 37, '', '2018-04-25'),
(604, 'Juan Jesus Cortes Moreno', '', '', '0591', '0591', 1, 37, '', '2018-04-25'),
(605, 'Mario Ramon Santacruz Caltempa', '', '', '0592', '0592', 1, 37, '', '2018-04-25'),
(606, 'Javier Cortes Zempoalteca', '', '', '0595', '0595', 1, 37, '', '2018-04-25'),
(607, 'Maximina Santacruz Santacruz', '', '', '0597', '0597', 1, 37, '', '2018-04-25'),
(608, 'Alejandro Valencia Ahuatzin', '', '', '0621', '0621', 1, 37, '', '2018-04-25'),
(609, 'Irma Conde Moreno', '', '', '0629', '0629', 1, 37, '', '2018-04-25'),
(610, 'Abel Hernandez Cruz', '', '', '0630', '0630', 1, 37, '', '2018-04-25'),
(611, 'Nicolas Juarez Moreno', '', '', '0631', '0631', 1, 37, '', '2018-04-25'),
(612, 'Concepcion Flores Perez', '', '', '0633', '0633', 1, 37, '', '2018-04-25');
INSERT INTO `usuarios_data` (`id`, `name`, `ap`, `am`, `tarjeta`, `folio`, `contrato_id`, `direccion_id`, `numero`, `creado`) VALUES
(613, 'Lorena Jimenez Perez', '', '', '0636', '0636', 1, 37, '', '2018-04-25'),
(614, 'Consuelo Cano Molina', '', '', '0640', '0640', 1, 37, '', '2018-04-25'),
(615, 'Casimiro Santacruz Minor', '', '', '0650', '0650', 1, 37, '', '2018-04-25'),
(616, 'Jose Arnulfo Juarez Minor', '', '', '0651', '0651', 1, 37, '', '2018-04-25'),
(617, 'Oliva Conde Juarez', '', '', '0838', '0838', 1, 37, '', '2018-04-25'),
(618, 'Vidal Vazquez Minor', '', '', '0880', '0880', 1, 37, '', '2018-04-25'),
(619, 'Emiliano Hernandez Morales', '', '', '1055', '1055', 1, 37, '', '2018-04-25'),
(620, 'Esc. Prim. Xicotencatl', '', '', '1187', '1187', 1, 37, '', '2018-04-25'),
(621, 'Jorge Moctezuma Tierra Blanca', '', '', '1220', '1220', 1, 37, '', '2018-04-25'),
(622, 'Deleanu Zempoalteca Macias', '', '', '1248', '1248', 1, 37, '', '2018-04-25'),
(623, 'Hilarion Navarro Zempoalteca', '', '', '1251', '1251', 1, 37, '', '2018-04-25'),
(624, 'Maria Eugenia Leonor C. Santacruz Garcia', '', '', '1257', '1257', 1, 37, '', '2018-04-25'),
(625, 'Lorenzo Cano Atonal', '', '', '0865', '0865', 1, 37, '', '2018-04-25'),
(626, 'Oscar Carro Minor', '', '', '1011', '1011', 1, 37, '', '2018-04-25'),
(627, 'Raul Conde Valadez', '', '', '1007', '1007', 1, 37, '', '2018-04-25'),
(628, 'Rosalba Flores Ramirez', '', '', '0002', '0002', 1, 37, '', '2018-04-25'),
(629, 'Dalia Santacruz Santacruz', '', '', '0600', '0600', 1, 37, '', '2018-04-25'),
(630, 'Maria Hilda Carranco Gonzalez', '', '', '1304', '1304', 1, 37, '', '2018-04-25'),
(631, 'Efren Briones Juarez', '', '', '1306', '1306', 1, 37, '', '2018-04-25'),
(632, 'Guadalupe Fernandez Grande', '', '', '1319', '1319', 1, 37, '', '2018-04-25'),
(633, 'Javier Briones Juarez', '', '', '0624', '0624', 1, 37, '', '2018-04-25'),
(634, 'Javier Briones Juarez', '', '', '0625', '0625', 1, 37, '', '2018-04-25'),
(635, 'Alberto Santacruz Espinoza  (Local Lavanderia)', '', '', '0140', '0140', 1, 37, '', '2018-04-25'),
(636, 'Cesareo Delgado Ramirez', '', '', '1176', '1176', 1, 37, '', '2018-04-25'),
(637, 'Manuel Chimal Zempoalteca', '', '', '0588', '0588', 1, 37, '', '2018-04-25'),
(638, 'Mario Ramon Santacruz Caltempa Y Esp. Rosalba Cano', '', '', '1332', '1332', 1, 37, '', '2018-04-25'),
(639, 'Blanca Conde Juarez', '', '', '1508', '1508', 1, 37, '', '2018-04-25'),
(640, 'Irene Conde Juarez', '', '', '1510', '1510', 1, 37, '', '2018-04-25'),
(641, 'Bernabe Conde Reyes', '', '', '0585', '0585', 1, 37, '', '2018-04-25'),
(642, 'Severino Arango Ortiz (Paga 4 Tomas)', '', '', '1330', '1330', 1, 37, '', '2018-04-25'),
(643, 'Consuelo Gonzalez  Delgado', '', '', '0573', '0573', 1, 37, '', '2018-04-25'),
(644, 'Yenisey Gonzalez Perez', '', '', '0575', '0575', 1, 37, '', '2018-04-25'),
(645, 'Maria Del Carmen Rivero Gonzalez', '', '', '0578', '0578', 1, 37, '', '2018-04-25'),
(646, 'Agustin Moreno Perez', '', '', '0637', '0637', 1, 37, '', '2018-04-25'),
(647, 'Agustin Moreno Perez', '', '', '0638', '0638', 1, 37, '', '2018-04-25'),
(648, 'Agustin Moreno Perez', '', '', '0639', '0639', 1, 37, '', '2018-04-25'),
(649, 'Anaid Selene Juarez Flores', '', '', '0646', '0646', 1, 37, '', '2018-04-25'),
(650, 'Efren Carro Minor', '', '', '1271', '1271', 1, 37, '', '2018-04-25'),
(651, 'Ricarda Valencia Atonal', '', '', '1406', '1406', 1, 37, '', '2018-04-25'),
(652, 'Christian J. Flores Conde', '', '', '0628', '0628', 1, 37, '', '2018-04-25'),
(653, 'Sergio Cano Molina', '', '', '0634', '0634', 1, 37, '', '2018-04-25'),
(654, 'Ahide Conde  Moreno', '', '', '1397', '1397', 1, 37, '', '2018-04-25'),
(655, 'Teresa Jimenez Molina', '', '', '0641', '0641', 1, 37, '', '2018-04-25'),
(656, 'Gilgamez Zempoalteca Gonzalez', '', '', '0642', '0642', 1, 37, '', '2018-04-25'),
(657, 'Margarita Jimenez Molina', '', '', '0643', '0643', 1, 37, '', '2018-04-25'),
(658, 'Sergio Temoltzin Blancas', '', '', '1165', '1165', 1, 37, '', '2018-04-25'),
(659, 'Rodolfo Varela Rivero  *', '', '', '0377', '0377', 1, 37, '', '2018-04-25'),
(660, 'Artemio Morales Perez', '', '', '1359', '1359', 1, 37, '', '2018-04-25'),
(661, 'Epigmenio Vazquez Minor', '', '', '0430', '0430', 1, 37, '', '2018-04-25'),
(662, 'Jose Virgilio Conde Zempoalteca', '', '', '1256', '1256', 1, 37, '', '2018-04-25'),
(663, 'Ivan De Jesus Santacruz Lopez', '', '', '1430', '1430', 1, 37, '', '2018-04-25'),
(664, 'Alberto Santacruz Espinosa', '', '', '1128', '1128', 1, 37, '', '2018-04-25'),
(665, 'Marilin Jimenez Perez', '', '', '0622', '0622', 1, 37, '', '2018-04-25'),
(666, 'Marilin Jimenez Perez', '', '', '0623', '0623', 1, 37, '', '2018-04-25'),
(667, 'German Cortes Moreno', '', '', '0590', '0590', 1, 37, '', '2018-04-25'),
(668, 'Elide Conde Juarez', '', '', '1375', '1375', 1, 37, '', '2018-04-25'),
(669, 'Miguel Molina Gonzalez', '', '', '0660', '0660', 1, 37, '', '2018-04-25'),
(670, 'Olegario Minor Conde', '', '', '0580', '0580', 1, 37, '', '2018-04-25'),
(671, 'Maria Cruz Vda. De Cortes', '', '', '0576', '0576', 1, 37, '', '2018-04-25'),
(672, 'Lizbeth Pichon Aguilar', '', '', '0567', '0567', 1, 37, '', '2018-04-25'),
(673, 'Ignacio Meneses Lopez', '', '', '1380', '1380', 1, 37, '', '2018-04-25'),
(674, 'Margarita Sarmiento Sanchez', '', '', '0635', '0635', 1, 37, '', '2018-04-25'),
(675, 'Juan Carlos Briones Sosa', '', '', '1454', '1454', 1, 37, '', '2018-04-25'),
(676, 'Clotilde Meza Juarez', '', '', '0594', '0594', 1, 37, '', '2018-04-25'),
(677, 'Nicolas Santacruz Moreno', '', '', '1208', '1208', 1, 37, '', '2018-04-25'),
(678, 'Raquel Santacruz Montiel', '', '', '0419', '0419', 1, 37, '', '2018-04-25'),
(679, 'Melesio Cruz Alejandro', '', '', '1215', '1215', 1, 37, '', '2018-04-25'),
(680, 'Veronica Hernandez  Texis', '', '', '1457', '1457', 1, 38, '', '2018-04-25'),
(681, 'Ma Del Carmen Zapata Serrano', '', '', '0112', '0112', 1, 39, '', '2018-04-25'),
(682, 'Jose Saul Aristeo Gonzalez Hernandez', '', '', '1192', '1192', 1, 40, '', '2018-04-25'),
(683, 'Imelda Flores Bautista', '', '', '0772', '0772', 1, 41, '', '2018-04-25'),
(684, 'Eulalio Ramirez Delgado', '', '', '1386', '1386', 1, 41, '', '2018-04-25'),
(685, 'Abel Ramirez Jimenez  (Paga 2 Tomas)', '', '', '1131', '1131', 1, 41, '', '2018-04-25'),
(686, 'Eleazar Ausencio Juarez Arenas', '', '', '0743', '0743', 1, 42, '', '2018-04-25'),
(687, 'Monica Ortiz Gonzalez', '', '', '0951', '0951', 1, 43, '', '2018-04-25'),
(688, 'Roselia Jimenez Cortes', '', '', '1136', '1136', 1, 43, '', '2018-04-25'),
(689, 'Victor Varela Conde', '', '', '0500', '0500', 1, 44, '', '2018-04-25'),
(690, 'Melchor Huerta Sanchez', '', '', '0909', '0909', 1, 44, '', '2018-04-25'),
(691, 'Pedro Cuapio Jimenez', '', '', '0926', '0926', 1, 44, '', '2018-04-25'),
(692, 'Juan Carlos Perez Popocatl', '', '', '0927', '0927', 1, 44, '', '2018-04-25'),
(693, 'Patricia Delgado Ibarra', '', '', '0930', '0930', 1, 44, '', '2018-04-25'),
(694, 'Isabel Ibarra Melchor', '', '', '0931', '0931', 1, 44, '', '2018-04-25'),
(695, 'Andres Jimenez Zempoalteca', '', '', '0934', '0934', 1, 44, '', '2018-04-25'),
(696, 'Dominga Jimenez Zempoalteca', '', '', '0936', '0936', 1, 44, '', '2018-04-25'),
(697, 'Cecilia Chavez Arzola', '', '', '0940', '0940', 1, 44, '', '2018-04-25'),
(698, 'Mauricio Juarez Perez', '', '', '0941', '0941', 1, 44, '', '2018-04-25'),
(699, 'Florentina Sanchez Ramirez', '', '', '0945', '0945', 1, 44, '', '2018-04-25'),
(700, 'Gloria Davila Delgadillo', '', '', '0952', '0952', 1, 44, '', '2018-04-25'),
(701, 'Juan avila Molina', '', '', '1056', '1056', 1, 44, '', '2018-04-25'),
(702, 'Tomasita Torres Hernandez', '', '', '1360', '1360', 1, 44, '', '2018-04-25'),
(703, 'Yolanda Cuapio Jimenez', '', '', '0943', '0943', 1, 44, '', '2018-04-25'),
(704, 'angel Sanchez Gomez', '', '', '0949', '0949', 1, 44, '', '2018-04-25'),
(705, 'Julio Sanchez Cuapio', '', '', '1269', '1269', 1, 44, '', '2018-04-25'),
(706, 'Jose Antonio Garcia Morales', '', '', '0932', '0932', 1, 44, '', '2018-04-25'),
(707, 'Antonia Vasquez  Hernandez', '', '', '0938', '0938', 1, 44, '', '2018-04-25'),
(708, 'Simon Sanchez  Montes', '', '', '0939', '0939', 1, 44, '', '2018-04-25'),
(709, 'Pedro Cuapio Jimenez', '', '', '0929', '0929', 1, 44, '', '2018-04-25'),
(710, 'Yolanda Cuapio Jimenez', '', '', '0428', '0428', 1, 44, '', '2018-04-25'),
(711, 'Emilio Hernandez Sartillo', '', '', '1362', '1362', 1, 44, '', '2018-04-25'),
(712, 'Pedro Vazquez Santacruz', '', '', '0228', '0228', 1, 44, '', '2018-04-25'),
(713, 'Julia Ledezma Martinez', '', '', '0942', '0942', 1, 44, '', '2018-04-25'),
(714, 'Irma Wences De Jesus', '', '', '1199', '1199', 1, 44, '', '2018-04-25'),
(715, 'Karen Meni Jimenez Wences', '', '', '1340', '1340', 1, 44, '', '2018-04-25'),
(716, 'Rodolfo Sanchez Cortes', '', '', '0947', '0947', 1, 44, '', '2018-04-25'),
(717, 'Jose Antonio Soria Juarez', '', '', '0937', '0937', 1, 44, '', '2018-04-25'),
(718, 'Jose Ricardo avila Ramirez', '', '', '0953', '0953', 1, 44, '', '2018-04-25'),
(719, 'Ernesto Sanchez Gomez', '', '', '0948', '0948', 1, 44, '', '2018-04-25'),
(720, 'Enrique Ortiz Gonzalez', '', '', '1026', '1026', 1, 44, '', '2018-04-25'),
(721, 'angel Sanchez Montes', '', '', '0954', '0954', 1, 45, '', '2018-04-25'),
(722, 'Rene Flores Castillo', '', '', '0111', '0111', 1, 45, '', '2018-04-25'),
(723, 'Juan Xilotl avila', '', '', '0509', '0509', 1, 45, '', '2018-04-25'),
(724, 'Elier Conde Perez', '', '', '0627', '0627', 1, 45, '', '2018-04-25'),
(725, 'Federico Nieto Martinez', '', '', '1179', '1179', 1, 45, '', '2018-04-25'),
(726, 'Gudulia Marilu Cortes Santacruz', '', '', '1205', '1205', 1, 45, '', '2018-04-25'),
(727, 'Javier Vazquez Gutierrez', '', '', '1343', '1343', 1, 45, '', '2018-04-25'),
(728, 'Felipe Castelan Marini', '', '', '1354', '1354', 1, 45, '', '2018-04-25'),
(729, 'Mario Minor Conde', '', '', '1450', '1450', 1, 46, '', '2018-04-25'),
(730, 'Gabriela Cano Prado', '', '', '1504', '1504', 1, 47, '', '2018-04-25'),
(731, 'Magali Ocomatl Martinez', '', '', '1500', '1500', 1, 47, '', '2018-04-25'),
(732, 'Jacinto Juarez Garcia', '', '', '1492', '1492', 1, 47, '', '2018-04-25'),
(733, 'Armando Aguilar Flores', '', '', '1511', '1511', 1, 48, '', '2018-04-25'),
(734, 'Regino Emilio Castro Garcia', '', '', '1027', '1027', 1, 48, '', '2018-04-25'),
(735, 'Saandro Aguilar Xochipa', '', '', '1156', '1156', 1, 48, '', '2018-04-25'),
(736, 'Sofia Aguilar Jimenez', '', '', '1206', '1206', 1, 48, '', '2018-04-25'),
(737, 'Mayte Aguilar Jimenez', '', '', '1302', '1302', 1, 48, '', '2018-04-25'),
(738, 'Eufrosina Santacruz Cano', '', '', '1367', '1367', 1, 48, '', '2018-04-25'),
(739, 'Joaquin Juarez Perez', '', '', '1371', '1371', 1, 48, '', '2018-04-25'),
(740, 'Lidia Silva Cuapio', '', '', '1398', '1398', 1, 48, '', '2018-04-25'),
(741, 'Manuel Jimenez Calzada', '', '', '1403', '1403', 1, 48, '', '2018-04-25'),
(742, 'Federico Torres Cuatepotzo', '', '', '0554', '0554', 1, 48, '', '2018-04-25'),
(743, 'Antonio Aguilar Olalla', '', '', '1408', '1408', 1, 49, '', '2018-04-25'),
(744, 'Marco Antonio Ortiz Tejeida', '', '', '1114', '1114', 1, 49, '', '2018-04-25'),
(745, 'Franco Silva Cuapio', '', '', '1524', '1524', 1, 49, '', '2018-04-25'),
(746, 'Ma Aurea Vazquez Flores', '', '', '0870', '0870', 1, 50, '', '2018-04-25'),
(747, 'Jose Aaron Aguilar Leon', '', '', '0496', '0496', 1, 50, '', '2018-04-25'),
(748, 'Ma Del Carmen Ramirez Popocatl', '', '', '0864', '0864', 1, 50, '', '2018-04-25'),
(749, 'Claudia Castillo Zapata', '', '', '1444', '1444', 1, 50, '', '2018-04-25'),
(750, 'Daniel Diaz Aguilar', '', '', '1442', '1442', 1, 50, '', '2018-04-25'),
(751, 'Daniel Jimenez  Mandarin', '', '', '1459', '1459', 1, 50, '', '2018-04-25'),
(752, 'Daniel Jimenez Mandarin', '', '', '1460', '1460', 1, 50, '', '2018-04-25'),
(753, 'Daniel Jimenez Mandarin', '', '', '1461', '1461', 1, 50, '', '2018-04-25'),
(754, 'Yair Perez  Espinosa', '', '', '1464', '1464', 1, 50, '', '2018-04-25'),
(755, 'Lubia Adriana Perez', '', '', '1465', '1465', 1, 50, '', '2018-04-25'),
(756, 'Jose Luis Perez Cuahutecatl', '', '', '1466', '1466', 1, 50, '', '2018-04-25'),
(757, 'Ana Laura Mendoza  Popocatl', '', '', '1467', '1467', 1, 50, '', '2018-04-25'),
(758, 'Isaid Ramirez  Popocatl', '', '', '1470', '1470', 1, 50, '', '2018-04-25'),
(759, 'Jose Maria Mendoza Popoca', '', '', '1471', '1471', 1, 50, '', '2018-04-25'),
(760, 'Gustavo avila Ramirez', '', '', '1476', '1476', 1, 50, '', '2018-04-25'),
(761, 'Adalberto Perez Cortez', '', '', '1502', '1502', 1, 50, '', '2018-04-25'),
(762, 'Galeufel Mata Hernandez', '', '', '0863', '0863', 1, 50, '', '2018-04-25'),
(763, 'Arely Tiare Aguilar Herrera', '', '', '1103', '1103', 1, 50, '', '2018-04-25'),
(764, 'Maria Eloisa Ortiz Zamora', '', '', '0866', '0866', 1, 50, '', '2018-04-25'),
(765, 'Adolfo Cuahutecatl Juarez', '', '', '0861', '0861', 1, 50, '', '2018-04-25'),
(766, 'Iliana Silva Cuapio', '', '', '1392', '1392', 1, 50, '', '2018-04-25'),
(767, 'Amalia Fuentes Calderon', '', '', '1262', '1262', 1, 50, '', '2018-04-25'),
(768, 'Magdalena Rojas Rojas', '', '', '0868', '0868', 1, 50, '', '2018-04-25'),
(769, 'Blanca Estela Mendoza Popocatl', '', '', '1384', '1384', 1, 50, '', '2018-04-25'),
(770, 'Eduardo Munnoz Lopez', '', '', '1265', '1265', 1, 50, '', '2018-04-25'),
(771, 'Margarita Moreno Zempoalteca', '', '', '1431', '1431', 1, 50, '', '2018-04-25'),
(772, 'Sergio Mejia Juarez', '', '', '0869', '0869', 1, 50, '', '2018-04-25'),
(773, 'Panfilo Rodriguez Santacruz', '', '', '1064', '1064', 1, 50, '', '2018-04-25'),
(774, 'Hermila Tapia Albarran', '', '', '0158', '0158', 1, 50, '', '2018-04-25'),
(775, 'Gabriel Santacruz Ramirez', '', '', '0443', '0443', 1, 50, '', '2018-04-25'),
(776, 'Apolinar Lopez Potrero', '', '', '0809', '0809', 1, 50, '', '2018-04-25'),
(777, 'Beatriz Jimenez Zempoalteca', '', '', '1051', '1051', 1, 50, '', '2018-04-25'),
(778, 'Lidia Delgado Santacruz', '', '', '1057', '1057', 1, 50, '', '2018-04-25'),
(779, 'Estela Juarez Perez', '', '', '1058', '1058', 1, 50, '', '2018-04-25'),
(780, 'Victor Santacruz Ramirez', '', '', '1060', '1060', 1, 50, '', '2018-04-25'),
(781, 'Bernardo Gallegos Duran', '', '', '1061', '1061', 1, 50, '', '2018-04-25'),
(782, 'Jose Rodriguez Santacruz', '', '', '1065', '1065', 1, 50, '', '2018-04-25'),
(783, 'Geronimo Cuahutecatl Jimenez', '', '', '1069', '1069', 1, 50, '', '2018-04-25'),
(784, 'Xochitl Cano Briones', '', '', '1072', '1072', 1, 50, '', '2018-04-25'),
(785, 'Silvano Ortiz Cabrera', '', '', '1073', '1073', 1, 50, '', '2018-04-25'),
(786, 'Alfonso Rueda Xique', '', '', '1145', '1145', 1, 50, '', '2018-04-25'),
(787, 'Gloria Wences De Jesus', '', '', '1180', '1180', 1, 50, '', '2018-04-25'),
(788, 'Antelmo Lara Hernandez', '', '', '1150', '1150', 1, 50, '', '2018-04-25'),
(789, 'Francisco Santacruz Delgado', '', '', '0957', '0957', 1, 50, '', '2018-04-25'),
(790, 'Ruben Ortiz Cabrera', '', '', '1415', '1415', 1, 50, '', '2018-04-25'),
(791, 'Clementina Juarez Santacruz', '', '', '1047', '1047', 1, 50, '', '2018-04-25'),
(792, 'Filomeno Mestiza Jimenez', '', '', '1054', '1054', 1, 50, '', '2018-04-25'),
(793, 'Jacinta Perez Luna', '', '', '0955', '0955', 1, 50, '', '2018-04-25'),
(794, 'Ruben Ortiz Cabrera', '', '', '1098', '1098', 1, 50, '', '2018-04-25'),
(795, 'Armando Rodriguez Santacruz', '', '', '1067', '1067', 1, 50, '', '2018-04-25'),
(796, 'Guillermo Torres Cuatepotzo', '', '', '0749', '0749', 1, 50, '', '2018-04-25'),
(797, 'Laura Rodriguez Perez', '', '', '1254', '1254', 1, 51, '', '2018-04-25'),
(798, 'David Cuapio Sanchez', '', '', '1496', '1496', 1, 51, '', '2018-04-25'),
(799, 'Panfilo Rodriguez Perez', '', '', '1066', '1066', 1, 51, '', '2018-04-25'),
(800, 'Marisa Sanchez  Jimenez', '', '', '0963', '0963', 1, 52, '', '2018-04-25'),
(801, 'Guadalupe Santacruz Ramirez', '', '', '0626', '0626', 1, 52, '', '2018-04-25'),
(802, 'Leopoldo Martinez Gonzalez', '', '', '1049', '1049', 1, 52, '', '2018-04-25'),
(803, 'Ma Rosa Jimenez Zempoalteca', '', '', '1050', '1050', 1, 52, '', '2018-04-25'),
(804, 'Pedro Mestiza Jimenez', '', '', '1053', '1053', 1, 52, '', '2018-04-25'),
(805, 'Gregorio Padilla Mora', '', '', '1071', '1071', 1, 52, '', '2018-04-25'),
(806, 'Miguel Juarez Perez', '', '', '0855', '0855', 1, 52, '', '2018-04-25'),
(807, 'Luz Santacruz Marquez', '', '', '1048', '1048', 1, 52, '', '2018-04-25'),
(808, 'Lubia Sanchez Cuapio', '', '', '1076', '1076', 1, 52, '', '2018-04-25'),
(809, 'Guillermo Hernandez Ortega', '', '', '0583', '0583', 1, 52, '', '2018-04-25'),
(810, 'Jonathan Santacruz Ortiz', '', '', '1310', '1310', 1, 53, '', '2018-04-25'),
(811, 'Raymundo Torres Sanchez', '', '', '0185', '0185', 1, 54, '', '2018-04-25'),
(812, 'Victor Manuel Santacruz Jimenez', '', '', '0196', '0196', 1, 54, '', '2018-04-25'),
(813, 'Maria Guadalupe Conde Perez', '', '', '0197', '0197', 1, 54, '', '2018-04-25'),
(814, 'Rosa Maria Aguilar Conde', '', '', '0198', '0198', 1, 54, '', '2018-04-25'),
(815, 'Carmen Flores Flores', '', '', '0186', '0186', 1, 54, '', '2018-04-25'),
(816, 'Agustin Ordonnez Cortes', '', '', '0193', '0193', 1, 54, '', '2018-04-25'),
(817, 'Vianey Munnoz Santacruz', '', '', '0188', '0188', 1, 54, '', '2018-04-25'),
(818, 'Annel Juarez Atonal', '', '', '0189', '0189', 1, 54, '', '2018-04-25'),
(819, 'Miguel angel Santacruz Jimenez', '', '', '0195', '0195', 1, 54, '', '2018-04-25'),
(820, 'Jose Trinidad Minor Pichon', '', '', '0183', '0183', 1, 54, '', '2018-04-25'),
(821, 'Mauricio Juarez Conde', '', '', '0190', '0190', 1, 54, '', '2018-04-25'),
(822, 'Margarito Juarez Conde', '', '', '0192', '0192', 1, 54, '', '2018-04-25'),
(823, 'Lesbia Jimenez Molina', '', '', '0116', '0116', 1, 55, '', '2018-04-25'),
(824, 'Miguel Juarez Conde', '', '', '0117', '0117', 1, 55, '', '2018-04-25'),
(825, 'Dolores Maricela Jimenez Perez', '', '', '0119', '0119', 1, 55, '', '2018-04-25'),
(826, 'Maria Guadalupe Ocotlan Torres Garcia', '', '', '0124', '0124', 1, 55, '', '2018-04-25'),
(827, 'Demetrio Zempoalteca Vivas', '', '', '0125', '0125', 1, 55, '', '2018-04-25'),
(828, 'Agnelo Moreno Santacruz', '', '', '0127', '0127', 1, 55, '', '2018-04-25'),
(829, 'Ma De La Luz Cuapio Santacruz', '', '', '0561', '0561', 1, 55, '', '2018-04-25'),
(830, 'Guillermo Torres Cuatepotzo', '', '', '0114', '0114', 1, 55, '', '2018-04-25'),
(831, 'Jose Luis Cuapio', '', '', '0118', '0118', 1, 55, '', '2018-04-25'),
(832, 'Olivia Lopez Chaidez', '', '', '1281', '1281', 1, 55, '', '2018-04-25'),
(833, 'Fortino Perez Montiel', '', '', '1293', '1293', 1, 55, '', '2018-04-25'),
(834, 'Nora Ma Zarate Cano', '', '', '1333', '1333', 1, 55, '', '2018-04-25'),
(835, 'Jose Zempoalteca Maravilla', '', '', '0122', '0122', 1, 55, '', '2018-04-25'),
(836, 'Lucrecia Moreno Zempoalteca', '', '', '1427', '1427', 1, 55, '', '2018-04-25'),
(837, 'Celia Minor Conde', '', '', '0411', '0411', 1, 55, '', '2018-04-25'),
(838, 'Gabino Zempoalteca Aguilar', '', '', '0867', '0867', 1, 55, '', '2018-04-25'),
(839, 'Ma Estela Minor Perez', '', '', '0564', '0564', 1, 55, '', '2018-04-25'),
(840, 'Ma Del Carmen Juarez Luna', '', '', '0378', '0378', 1, 56, '', '2018-04-25'),
(841, 'Eduardo Cuahutecatl Perez', '', '', '0403', '0403', 1, 56, '', '2018-04-25'),
(842, 'Silvina Perez Cuahutle', '', '', '0769', '0769', 1, 56, '', '2018-04-25'),
(843, 'Nazario Zempoalteca Hernandez', '', '', '0777', '0777', 1, 56, '', '2018-04-25'),
(844, 'Ademar Perez Jimenez', '', '', '0785', '0785', 1, 56, '', '2018-04-25'),
(845, 'Elda Conde Tagle', '', '', '0788', '0788', 1, 56, '', '2018-04-25'),
(846, 'Lazaro Torres Hernandez', '', '', '0793', '0793', 1, 56, '', '2018-04-25'),
(847, 'Esperanza Santacruz Marquez', '', '', '0797', '0797', 1, 56, '', '2018-04-25'),
(848, 'Silvia Jimenez Santacruz', '', '', '0801', '0801', 1, 56, '', '2018-04-25'),
(849, 'Heriberto Perez Perez', '', '', '0803', '0803', 1, 56, '', '2018-04-25'),
(850, 'Anastacio Jimenez Cuapio', '', '', '0807', '0807', 1, 56, '', '2018-04-25'),
(851, 'Diego Cuahutecatl Perez', '', '', '0814', '0814', 1, 56, '', '2018-04-25'),
(852, 'Agustin Aguilar Gallegos', '', '', '0816', '0816', 1, 56, '', '2018-04-25'),
(853, 'Javier Santacruz Osorno', '', '', '0819', '0819', 1, 56, '', '2018-04-25'),
(854, 'Juan Perez Aguilar', '', '', '0821', '0821', 1, 56, '', '2018-04-25'),
(855, 'Ma Jesus Galeote Maldonado', '', '', '0837', '0837', 1, 56, '', '2018-04-25'),
(856, 'Atilano Cuahutecatl Grande', '', '', '1023', '1023', 1, 56, '', '2018-04-25'),
(857, 'Benito Aguilar Gallegos', '', '', '1146', '1146', 1, 56, '', '2018-04-25'),
(858, 'Cesar Rodriguez Nava', '', '', '1261', '1261', 1, 56, '', '2018-04-25'),
(859, 'Francisco Morales Santacruz', '', '', '0453', '0453', 1, 56, '', '2018-04-25'),
(860, 'Eleazar Juarez Arenas', '', '', '0806', '0806', 1, 56, '', '2018-04-25'),
(861, 'Jose Ranulfo Isaias Santacruz Cuautle', '', '', '0844', '0844', 1, 56, '', '2018-04-25'),
(862, 'Rosa Flores Cuapio', '', '', '1313', '1313', 1, 56, '', '2018-04-25'),
(863, 'Sixta Hilda Cuapio Santacruz', '', '', '1315', '1315', 1, 56, '', '2018-04-25'),
(864, 'Rosendo Flores Gomez', '', '', '1372', '1372', 1, 56, '', '2018-04-25'),
(865, 'Loyda Perez Perez', '', '', '1381', '1381', 1, 56, '', '2018-04-25'),
(866, 'Castulo Emilio Cuapio Garza', '', '', '1409', '1409', 1, 56, '', '2018-04-25'),
(867, 'Jose Victor Silva Fragoso', '', '', '1410', '1410', 1, 56, '', '2018-04-25'),
(868, 'Fidelia avila Ramirez', '', '', '1438', '1438', 1, 56, '', '2018-04-25'),
(869, 'Victor Jimenez Espadas', '', '', '0802-A', '0802-A', 1, 56, '', '2018-04-25'),
(870, 'Virginia Cuahutecatl Gracia', '', '', '0794', '0794', 1, 56, '', '2018-04-25'),
(871, 'Rutila Cuahutecatl Gracia', '', '', '1085', '1085', 1, 56, '', '2018-04-25'),
(872, 'Celestino Jimenez Olvera', '', '', '0802', '0802', 1, 56, '', '2018-04-25'),
(873, 'Patricio Cuahutecatl Jimenez', '', '', '0784', '0784', 1, 56, '', '2018-04-25'),
(874, 'Gaspar Perez Jimenez', '', '', '0783', '0783', 1, 56, '', '2018-04-25'),
(875, 'Antonio Aguilar Ramirez', '', '', '0812', '0812', 1, 56, '', '2018-04-25'),
(876, 'Maximiliano Juarez Serrano', '', '', '0799', '0799', 1, 56, '', '2018-04-25'),
(877, 'Alejandro Cuapio Santacruz', '', '', '1214', '1214', 1, 56, '', '2018-04-25'),
(878, 'Aniceto Jimenez Gallegos', '', '', '0518', '0518', 1, 56, '', '2018-04-25'),
(879, 'Agustin angel Ortega Corona', '', '', '0478', '0478', 1, 56, '', '2018-04-25'),
(880, 'Teofilo Cuahutecatl Perez', '', '', '0811', '0811', 1, 56, '', '2018-04-25'),
(881, 'Oscar Gallegos Duran', '', '', '0778', '0778', 1, 56, '', '2018-04-25'),
(882, 'Magdalena Juarez Gomez', '', '', '0773', '0773', 1, 56, '', '2018-04-25'),
(883, 'Jose Mario Merino Enriquez', '', '', '0786', '0786', 1, 56, '', '2018-04-25'),
(884, 'Joel Munnoz Hernandez', '', '', '0771', '0771', 1, 56, '', '2018-04-25'),
(885, 'Ma  Aurora Macuil Sanpedro', '', '', '0770', '0770', 1, 56, '', '2018-04-25'),
(886, 'Francisco Javier Juarez Conde', '', '', '1525', '1525', 1, 56, '', '2018-04-25'),
(887, 'Maria Del Socorro Cortez Cupa', '', '', '0423', '0423', 1, 56, '', '2018-04-25'),
(888, 'Gerardo Rivas Gallegos', '', '', '0579', '0579', 1, 56, '', '2018-04-25'),
(889, 'Gloria Gallegos Duran', '', '', '0317', '0317', 1, 56, '', '2018-04-25'),
(890, 'Ma De La Luz Flores Zempoalteca', '', '', '0789', '0789', 1, 56, '', '2018-04-25'),
(891, 'Elodia Jimenez Zempoalteca', '', '', '1274', '1274', 1, 56, '', '2018-04-25'),
(892, 'Homero Juarez Cano', '', '', '0780', '0780', 1, 56, '', '2018-04-25'),
(893, 'Homero Juarez Cano', '', '', '0781', '0781', 1, 56, '', '2018-04-25'),
(894, 'J Fernando A. Cortes Flores', '', '', '0787', '0787', 1, 56, '', '2018-04-25'),
(895, 'Ma Ernestina Irma Varela Jimenez', '', '', '0790', '0790', 1, 56, '', '2018-04-25'),
(896, 'Nicandro Cuapio Santacruz', '', '', '0798', '0798', 1, 56, '', '2018-04-25'),
(897, 'Marcos Perfecto Zapata Perez', '', '', '0817', '0817', 1, 56, '', '2018-04-25'),
(898, 'Susana Zapata Jimenez', '', '', '0858', '0858', 1, 56, '', '2018-04-25'),
(899, 'Meliton Cuahutecatl Perez', '', '', '0815', '0815', 1, 56, '', '2018-04-25'),
(900, 'Josefina Perez Martinez', '', '', '0779', '0779', 1, 56, '', '2018-04-25'),
(901, 'Silvina Jimenez Flores', '', '', '0805', '0805', 1, 56, '', '2018-04-25'),
(902, 'Lizet Verenice Jimenez Varela', '', '', '0804', '0804', 1, 56, '', '2018-04-25'),
(903, 'Genaro Perez Perez', '', '', '0800', '0800', 1, 56, '', '2018-04-25'),
(904, 'Ana Karina Paredes Juarez', '', '', '0975', '0975', 1, 56, '', '2018-04-25'),
(905, 'Claudia Mena Santacruz', '', '', '0732', '0732', 1, 56, '', '2018-04-25'),
(906, 'Juan Cuahutecatl Perez', '', '', '0508', '0508', 1, 56, '', '2018-04-25'),
(907, 'Victor Cuapio Santacruz', '', '', '0126', '0126', 1, 56, '', '2018-04-25'),
(908, 'Maria Elena  Perez  Vergara', '', '', '0482', '0482', 1, 56, '', '2018-04-25'),
(909, 'Rosa Maria Torres Jimenez', '', '', '0757', '0757', 1, 56, '', '2018-04-25'),
(910, 'Osbelia Cuahutecatl Moreno', '', '', '0759', '0759', 1, 56, '', '2018-04-25'),
(911, 'Miguel Torres Hernandez', '', '', '0763', '0763', 1, 56, '', '2018-04-25'),
(912, 'Margarita Perez Perez', '', '', '0765', '0765', 1, 56, '', '2018-04-25'),
(913, 'Demetrio Juan Cruz Lopez', '', '', '1154', '1154', 1, 56, '', '2018-04-25'),
(914, 'Rene Torres Calzada', '', '', '1169', '1169', 1, 56, '', '2018-04-25'),
(915, 'Jose Luis Aguilar Jimenez', '', '', '0762', '0762', 1, 56, '', '2018-04-25'),
(916, 'Maria Elena Perez Vergara', '', '', '0343', '0343', 1, 56, '', '2018-04-25'),
(917, 'Lorena Perez Jimenez', '', '', '0751', '0751', 1, 56, '', '2018-04-25'),
(918, 'Maria Esther Gomez Cardel', '', '', '1322', '1322', 1, 56, '', '2018-04-25'),
(919, 'Ma De La Luz Angelica Minor Pineda', '', '', '1429', '1429', 1, 56, '', '2018-04-25'),
(920, 'Arturo Santacruz Flores', '', '', '0735', '0735', 1, 56, '', '2018-04-25'),
(921, 'Jovvani Sanchez Torres', '', '', '0754', '0754', 1, 56, '', '2018-04-25'),
(922, 'Fidelia Arenas Escobar', '', '', '0767', '0767', 1, 56, '', '2018-04-25'),
(923, 'Natalio Zenon Dominguez Gonzalez', '', '', '1140', '1140', 1, 56, '', '2018-04-25'),
(924, 'Ma. Del Refugio Varela Flores', '', '', '0388', '0388', 1, 56, '', '2018-04-25'),
(925, 'Andres Conde Jimenez', '', '', '1167', '1167', 1, 56, '', '2018-04-25'),
(926, 'Gabino Varela Flores', '', '', '1089', '1089', 1, 56, '', '2018-04-25'),
(927, 'Vianet Santacruz Varela', '', '', '0741', '0741', 1, 56, '', '2018-04-25'),
(928, 'Gualberto Flores Santacruz', '', '', '0748', '0748', 1, 56, '', '2018-04-25'),
(929, 'Elvia Sanchez Cuapio', '', '', '0747', '0747', 1, 56, '', '2018-04-25'),
(930, 'Federico Torres Cuatepotzo', '', '', '0750', '0750', 1, 56, '', '2018-04-25'),
(931, 'Consuelo Torres Hernandez', '', '', '0601', '0601', 1, 56, '', '2018-04-25'),
(932, 'Oscar Torres Calzada', '', '', '1420', '1420', 1, 56, '', '2018-04-25'),
(933, 'Lucino Cuapio Santacruz', '', '', '0760', '0760', 1, 56, '', '2018-04-25'),
(934, 'Hilario Sanchez Cuapio', '', '', '0734', '0734', 1, 56, '', '2018-04-25'),
(935, 'Sahara Juarez Arenas', '', '', '0766', '0766', 1, 56, '', '2018-04-25'),
(936, 'Gwendolynee Amaro Ramirez', '', '', '1469', '1469', 1, 56, '', '2018-04-25'),
(937, 'Norma Ortega Cuapio', '', '', '0739', '0739', 1, 56, '', '2018-04-25'),
(938, 'Eliseo Jimenez Flores', '', '', '0746', '0746', 1, 56, '', '2018-04-25'),
(939, 'Maria Micaela Morales Angulo', '', '', '0994', '0994', 1, 56, '', '2018-04-25'),
(940, 'Gisela Minor Perez', '', '', '0738', '0738', 1, 56, '', '2018-04-25'),
(941, 'Armando Herrera Minor', '', '', '0775', '0775', 1, 56, '', '2018-04-25'),
(942, 'Socorro Nolazco Gonzalez', '', '', '0761', '0761', 1, 56, '', '2018-04-25'),
(943, 'Arturo Guillen Cardel', '', '', '0768', '0768', 1, 56, '', '2018-04-25'),
(944, 'Juan Cuahutecatl Gracia', '', '', '0795', '0795', 1, 57, '', '2018-04-25'),
(945, 'Viky Silva Cuapio', '', '', '1270', '1270', 1, 57, '', '2018-04-25'),
(946, 'Ocotlan Veronica Escalante Garcia', '', '', '0110', '0110', 1, 58, '', '2018-04-25'),
(947, 'Margarito Conde Hernandez', '', '', '0514', '0514', 1, 58, '', '2018-04-25'),
(948, 'Maria Olga Maday Conde Perez', '', '', '0515', '0515', 1, 58, '', '2018-04-25'),
(949, 'Panfilo Carro Aguilar', '', '', '0516', '0516', 1, 58, '', '2018-04-25'),
(950, 'Francisca Conde Hernandez', '', '', '0519', '0519', 1, 58, '', '2018-04-25'),
(951, 'Agustin Maravilla Minor', '', '', '0521', '0521', 1, 58, '', '2018-04-25'),
(952, 'Rutilo Aguilar Minor', '', '', '0524', '0524', 1, 58, '', '2018-04-25'),
(953, 'Miguel Aguilar Delgado', '', '', '0525', '0525', 1, 58, '', '2018-04-25'),
(954, 'Fidel Perez Lopez', '', '', '0527', '0527', 1, 58, '', '2018-04-25'),
(955, 'Olga Lidia Zempoalteca Gonzalez', '', '', '0529', '0529', 1, 58, '', '2018-04-25'),
(956, 'Tulia Camelia Castillo Flores', '', '', '0532', '0532', 1, 58, '', '2018-04-25'),
(957, 'Tiburcio Eleazar Lima Bernal', '', '', '0533', '0533', 1, 58, '', '2018-04-25'),
(958, 'Miguel angel Garcia Tapia', '', '', '0535', '0535', 1, 58, '', '2018-04-25'),
(959, 'Dulce Maria Mendoza Zempoalteca', '', '', '0536', '0536', 1, 58, '', '2018-04-25'),
(960, 'Miguel A. Ibarra Bannuelos', '', '', '0537', '0537', 1, 58, '', '2018-04-25'),
(961, 'Ma Isabel Hortencia Ibarra Bannuelos', '', '', '0538', '0538', 1, 58, '', '2018-04-25'),
(962, 'Eloy Odilon Lima Cuapio', '', '', '1170', '1170', 1, 58, '', '2018-04-25'),
(963, 'Irma Lima Cuapio', '', '', '1171', '1171', 1, 58, '', '2018-04-25'),
(964, 'Norberto Zempoalteca Gonzalez', '', '', '0530', '0530', 1, 58, '', '2018-04-25'),
(965, 'Dominga Barrera Primitivo', '', '', '0539', '0539', 1, 58, '', '2018-04-25'),
(966, 'Diego Galicia Santacruz', '', '', '0956', '0956', 1, 58, '', '2018-04-25'),
(967, 'Tomas Mata Villegas', '', '', '0698', '0698', 1, 58, '', '2018-04-25'),
(968, 'Carmina Talamatzi Varela', '', '', '1407', '1407', 1, 58, '', '2018-04-25'),
(969, 'Wendy Juarez Cano', '', '', '1311', '1311', 1, 58, '', '2018-04-25'),
(970, 'Jose Clotilde Tellez Carreon', '', '', '1093', '1093', 1, 58, '', '2018-04-25'),
(971, 'Angelina Gonzalez Arellano', '', '', '0107', '0107', 1, 58, '', '2018-04-25'),
(972, 'Angelica Maria Zempoalteca Conde', '', '', '0160', '0160', 1, 58, '', '2018-04-25'),
(973, 'Angelica Cano Reyes', '', '', '0115', '0115', 1, 58, '', '2018-04-25'),
(974, 'Laurencia Aguilar Minor', '', '', '1152', '1152', 1, 58, '', '2018-04-25'),
(975, 'Roberto Flores Meneses', '', '', '0528', '0528', 1, 58, '', '2018-04-25'),
(976, 'Marin Perez Delgado', '', '', '0540', '0540', 1, 58, '', '2018-04-25'),
(977, 'Ma Guadalupe Ibarra Bannuelos', '', '', '1104', '1104', 1, 58, '', '2018-04-25'),
(978, 'Teresa Gracia Vazquez', '', '', '1227', '1227', 1, 58, '', '2018-04-25'),
(979, 'Vianey Carro Pichon', '', '', '0523', '0523', 1, 58, '', '2018-04-25'),
(980, 'Maria Guadalupe Aguilar Gracia', '', '', '1119', '1119', 1, 58, '', '2018-04-25'),
(981, 'Adan Aguilar Gracia0', '', '', '1149', '1149', 1, 59, '', '2018-04-25'),
(982, 'Bernardo Borja Conde', '', '', '1486-A', '1486-A', 1, 59, '', '2018-04-25'),
(983, 'Bernardo Borja Conde', '', '', '1486', '1486', 1, 59, '', '2018-04-25'),
(984, 'Maria Luisa Alvarado Perianniz', '', '', '0565', '0565', 1, 59, '', '2018-04-25'),
(985, 'Jose Luis Leonides Gutierrez', '', '', '0782', '0782', 1, 60, '', '2018-04-25'),
(986, 'Luis Flores Perez', '', '', '0891', '0891', 1, 60, '', '2018-04-25'),
(987, 'Ma Concepcion Carro Carreon', '', '', '0900', '0900', 1, 60, '', '2018-04-25'),
(988, 'Rolando Moreno Aguilar', '', '', '0904', '0904', 1, 60, '', '2018-04-25'),
(989, 'Leonides Cuapio Santacruz', '', '', '0906', '0906', 1, 60, '', '2018-04-25'),
(990, 'Adrian Cuapio Santacruz', '', '', '0907', '0907', 1, 60, '', '2018-04-25'),
(991, 'Enrique Delgado Ramirez', '', '', '1008', '1008', 1, 60, '', '2018-04-25'),
(992, 'Juan Cuapio Santacruz', '', '', '0905', '0905', 1, 60, '', '2018-04-25'),
(993, 'Jose Patricio Ramirez Jimenez', '', '', '1501', '1501', 1, 60, '', '2018-04-25'),
(994, 'Margarito Santacruz Juarez', '', '', '0898', '0898', 1, 60, '', '2018-04-25'),
(995, 'Marco Antonio Santacruz Delgado', '', '', '0899', '0899', 1, 60, '', '2018-04-25'),
(996, 'Roberto Santacruz Perez', '', '', '0902', '0902', 1, 60, '', '2018-04-25'),
(997, 'alvaro Cuahutecatl Conde', '', '', '0889-A', '0889-A', 1, 60, '', '2018-04-25'),
(998, 'Justina Perez Perez', '', '', '1147', '1147', 1, 60, '', '2018-04-25'),
(999, 'Panfilo Aguilar Ramirez', '', '', '0896', '0896', 1, 60, '', '2018-04-25'),
(1000, 'Rosaura Perez Lopez', '', '', '1198', '1198', 1, 60, '', '2018-04-25'),
(1001, 'angel Javier Perez Santacruz', '', '', '0903', '0903', 1, 60, '', '2018-04-25'),
(1002, 'Euler Perez Medina', '', '', '1441', '1441', 1, 60, '', '2018-04-25'),
(1003, 'Sandra Perez Medina', '', '', '0903-A', '0903-A', 1, 60, '', '2018-04-25'),
(1004, 'Irlanda Santacruz Perez', '', '', '0901', '0901', 1, 60, '', '2018-04-25'),
(1005, 'Daniel Santacruz Perez', '', '', '0919', '0919', 1, 60, '', '2018-04-25'),
(1006, 'alvaro Cuahutecatl Conde', '', '', '0889', '0889', 1, 60, '', '2018-04-25'),
(1007, 'Ofelia Juarez Gallegos', '', '', '0894', '0894', 1, 60, '', '2018-04-25'),
(1008, 'Filemon Jimenez Conde', '', '', '0895', '0895', 1, 60, '', '2018-04-25'),
(1009, 'Cuauhtemoc Jimenez Calzada', '', '', '1137', '1137', 1, 60, '', '2018-04-25'),
(1010, 'Manuel Jimenez Guevara', '', '', '0890', '0890', 1, 60, '', '2018-04-25'),
(1011, 'Miguel angel Aguilar Hernandez', '', '', '1139', '1139', 1, 60, '', '2018-04-25'),
(1012, 'Maria Felix Lopez Zapata', '', '', '0897', '0897', 1, 60, '', '2018-04-25'),
(1013, 'Maria Felix Lopez Zapata', '', '', '0897-A', '0897-A', 1, 60, '', '2018-04-25'),
(1014, 'Victor Cuahutecatl Moreno', '', '', '1391', '1391', 1, 60, '', '2018-04-25'),
(1015, 'Maximiliano Juarez Serrano', '', '', '0174', '0174', 1, 60, '', '2018-04-25'),
(1016, 'Jose Luis Hernandez Perez', '', '', '1219', '1219', 1, 60, '', '2018-04-25'),
(1017, 'Andres Jimenez Conde', '', '', '1013', '1013', 1, 60, '', '2018-04-25'),
(1018, 'Santiago Donato Vazquez Perez', '', '', '1203', '1203', 1, 60, '', '2018-04-25'),
(1019, 'Carmen Jimenez Juarez', '', '', '0892', '0892', 1, 61, '', '2018-04-25'),
(1020, 'Lorenzo Jimenez Minor', '', '', '0893', '0893', 1, 61, '', '2018-04-25'),
(1021, 'Eleno Sanchez Gomez', '', '', '0280', '0280', 1, 62, '', '2018-04-25'),
(1022, 'Alberto Moreno Morales', '', '', '1393', '1393', 1, 62, '', '2018-04-25'),
(1023, 'Faustino Cuahutecatl Tetlacuilo', '', '', '1390', '1390', 1, 62, '', '2018-04-25'),
(1024, 'Rosalinda Caltempa Cortes', '', '', '0452', '0452', 1, 63, '', '2018-04-25'),
(1025, 'Rosa Maria Roman Cortes', '', '', '0456', '0456', 1, 63, '', '2018-04-25'),
(1026, 'Orlando Cortes Santacruz', '', '', '0462', '0462', 1, 63, '', '2018-04-25'),
(1027, 'Margarita Rodriguez Fuentes', '', '', '0471', '0471', 1, 63, '', '2018-04-25'),
(1028, 'Ma Guadalupe Imelda Flores Santacruz', '', '', '0475', '0475', 1, 63, '', '2018-04-25'),
(1029, 'Guillermo Minor Santacruz', '', '', '0476', '0476', 1, 63, '', '2018-04-25'),
(1030, 'Olivia Guevara Jimenez', '', '', '0479', '0479', 1, 63, '', '2018-04-25'),
(1031, 'Rosa Gallegos Santiago', '', '', '0886', '0886', 1, 63, '', '2018-04-25'),
(1032, 'Nestor Juarez Perez', '', '', '0480', '0480', 1, 63, '', '2018-04-25'),
(1033, 'Yolanda Flores Trejo', '', '', '0460', '0460', 1, 63, '', '2018-04-25'),
(1034, 'Vladimir Conde Zempoalteca', '', '', '0465', '0465', 1, 63, '', '2018-04-25'),
(1035, 'Celia Rodriguez Reyes', '', '', '0474', '0474', 1, 63, '', '2018-04-25'),
(1036, 'Evy Mayra Briones Conde', '', '', '1361', '1361', 1, 63, '', '2018-04-25'),
(1037, 'Maria Trejo Calderon', '', '', '0459', '0459', 1, 63, '', '2018-04-25'),
(1038, 'Maricruz Servin Aguilar', '', '', '0468', '0468', 1, 63, '', '2018-04-25'),
(1039, 'Ma Guadalupe Alonso Zacarias', '', '', '0472', '0472', 1, 63, '', '2018-04-25'),
(1040, 'Gregoria Flores Cuapio', '', '', '0466', '0466', 1, 63, '', '2018-04-25'),
(1041, 'Daniel Sosa Santacruz', '', '', '0467', '0467', 1, 63, '', '2018-04-25'),
(1042, 'Ernesto Fernandez Juarez', '', '', '0481', '0481', 1, 63, '', '2018-04-25'),
(1043, 'Alma Rosa Minor Vazquez', '', '', '0454', '0454', 1, 63, '', '2018-04-25'),
(1044, 'Francisco Javier Roman Cortez', '', '', '0455', '0455', 1, 63, '', '2018-04-25'),
(1045, 'Abel Hazael Juarez Luna', '', '', '0461', '0461', 1, 63, '', '2018-04-25'),
(1046, 'Bulmaro Cortes Santacruz', '', '', '0464', '0464', 1, 63, '', '2018-04-25'),
(1047, 'Carlos Cuapio Cortes', '', '', '0225', '0225', 1, 63, '', '2018-04-25'),
(1048, 'Zeus Cuapio Sanchez', '', '', '1272', '1272', 1, 63, '', '2018-04-25'),
(1049, 'Faryd Ernesto Minor Sanchez', '', '', '1158', '1158', 1, 63, '', '2018-04-25'),
(1050, 'Ma Ixtaccihuatl Cano Briones', '', '', '0477', '0477', 1, 63, '', '2018-04-25'),
(1051, 'Maria Amira Varela Ramirez', '', '', '0457', '0457', 1, 63, '', '2018-04-25'),
(1052, 'Hilario Briones Carro', '', '', '0458', '0458', 1, 63, '', '2018-04-25'),
(1053, 'angela Juarez Saldanna', '', '', '0400', '0400', 1, 64, '', '2018-04-25'),
(1054, 'Lourdes Lima Juarez', '', '', '1101', '1101', 1, 64, '', '2018-04-25'),
(1055, 'Asur Cortes Gomez', '', '', '1402', '1402', 1, 65, '', '2018-04-25'),
(1056, 'Pablo Servin Aguilar', '', '', '0468-A', '0468-A', 1, 66, '', '2018-04-25'),
(1057, 'Leonila Zapata Plata', '', '', '0996', '0996', 1, 67, '', '2018-04-25'),
(1058, 'Alfonso Ramirez Popocatl', '', '', '0191', '0191', 1, 67, '', '2018-04-25'),
(1059, 'Iyudit Atonal Gonzalez', '', '', '0283', '0283', 1, 67, '', '2018-04-25'),
(1060, 'Jose Patricio Ramirez Jimenez', '', '', '0387', '0387', 1, 67, '', '2018-04-25'),
(1061, 'Sergio Santacruz Santacruz', '', '', '0499', '0499', 1, 67, '', '2018-04-25'),
(1062, 'Silvia Zapata Flores', '', '', '0558', '0558', 1, 67, '', '2018-04-25'),
(1063, 'Enrique Hernandez Cuapio', '', '', '0716', '0716', 1, 67, '', '2018-04-25'),
(1064, 'Manuel Juarez Aguilar', '', '', '0962', '0962', 1, 67, '', '2018-04-25'),
(1065, 'Josefa Santacruz Perez', '', '', '0965', '0965', 1, 67, '', '2018-04-25'),
(1066, 'Gabriela Santacruz Jimenez', '', '', '0968', '0968', 1, 67, '', '2018-04-25'),
(1067, 'Juan Delgado Flores', '', '', '0972', '0972', 1, 67, '', '2018-04-25'),
(1068, 'Alberto Santacruz Delgado', '', '', '0973', '0973', 1, 67, '', '2018-04-25'),
(1069, 'Blandina Santacruz  Delgado', '', '', '0974', '0974', 1, 67, '', '2018-04-25'),
(1070, 'Marcelino Valencia Martinez', '', '', '0978', '0978', 1, 67, '', '2018-04-25'),
(1071, 'Patricio Cuahutecatl Moreno', '', '', '0979', '0979', 1, 67, '', '2018-04-25'),
(1072, 'Guillermo Ramirez Cuahutecatl', '', '', '0987', '0987', 1, 67, '', '2018-04-25'),
(1073, 'Mario Ramirez Delgado', '', '', '0989', '0989', 1, 67, '', '2018-04-25'),
(1074, 'Lucino Zapata Flores', '', '', '0997', '0997', 1, 67, '', '2018-04-25'),
(1075, 'Ramiro Perez Munive', '', '', '1006', '1006', 1, 67, '', '2018-04-25'),
(1076, 'Gabriel Santacruz Marquez', '', '', '1062', '1062', 1, 67, '', '2018-04-25'),
(1077, 'Macario Torres Ramirez', '', '', '1157', '1157', 1, 67, '', '2018-04-25'),
(1078, 'Miguel Ramirez Delgado', '', '', '0985', '0985', 1, 67, '', '2018-04-25'),
(1079, 'Francisco Javier Teloxa Flores', '', '', '0469', '0469', 1, 67, '', '2018-04-25'),
(1080, 'Nicanor Gonzalo Ahuatzi Cervantes', '', '', '0095', '0095', 1, 67, '', '2018-04-25'),
(1081, 'Irma Hernandez Gonzalez', '', '', '0108', '0108', 1, 67, '', '2018-04-25'),
(1082, 'German Atonal Santacruz', '', '', '0977', '0977', 1, 67, '', '2018-04-25'),
(1083, 'Gabriel Perez Diaz', '', '', '0990', '0990', 1, 67, '', '2018-04-25'),
(1084, 'Margarito Ramirez Delgado', '', '', '0991', '0991', 1, 67, '', '2018-04-25'),
(1085, 'Antonio Ramirez Perez', '', '', '1005', '1005', 1, 67, '', '2018-04-25'),
(1086, 'Artemio Ramirez Flores', '', '', '1003', '1003', 1, 67, '', '2018-04-25'),
(1087, 'Armando Munnoz Vasconcelos', '', '', '1303', '1303', 1, 67, '', '2018-04-25'),
(1088, 'Bernardo Castillo Zapata', '', '', '1378', '1378', 1, 67, '', '2018-04-25'),
(1089, 'Pedro Ramirez Popocatl', '', '', '0191-A', '0191-A', 1, 67, '', '2018-04-25'),
(1090, 'Pilar Atonal Santacruz', '', '', '0373', '0373', 1, 67, '', '2018-04-25'),
(1091, 'Hector Flores Pineda', '', '', '0615', '0615', 1, 67, '', '2018-04-25'),
(1092, 'Victoria Perez Ramirez', '', '', '0966', '0966', 1, 67, '', '2018-04-25'),
(1093, 'Delfina Sanchez Flores', '', '', '0740', '0740', 1, 67, '', '2018-04-25'),
(1094, 'Victor Perez Zapata', '', '', '0992', '0992', 1, 67, '', '2018-04-25'),
(1095, 'Ambrosio Perez Zapata', '', '', '0995-A', '0995-A', 1, 67, '', '2018-04-25'),
(1096, 'Blanca Zapata Plata', '', '', '0995', '0995', 1, 67, '', '2018-04-25'),
(1097, 'Bernabe Bonilla Delgado', '', '', '0842', '0842', 1, 67, '', '2018-04-25'),
(1098, 'Sixto Santacruz Juarez', '', '', '0971', '0971', 1, 67, '', '2018-04-25'),
(1099, 'Dalina Molina Juarez', '', '', '0960', '0960', 1, 67, '', '2018-04-25'),
(1100, 'Agustina Zapata Flores', '', '', '1016', '1016', 1, 67, '', '2018-04-25'),
(1101, 'Sixta Delgado Perez', '', '', '0434', '0434', 1, 67, '', '2018-04-25'),
(1102, 'Lucio Cordero Sanchez', '', '', '1009', '1009', 1, 67, '', '2018-04-25'),
(1103, 'Diana Sanchez Cordero', '', '', '1495', '1495', 1, 67, '', '2018-04-25'),
(1104, 'Porfirio Gallegos Torres', '', '', '0982-A', '0982-A', 1, 67, '', '2018-04-25'),
(1105, 'Pablo Gallegos Santacruz', '', '', '0981', '0981', 1, 67, '', '2018-04-25'),
(1106, 'Benjamin Moreno Cruz', '', '', '1401', '1401', 1, 67, '', '2018-04-25'),
(1107, 'Pablo Rojas Y Hernandez', '', '', '1498', '1498', 1, 67, '', '2018-04-25'),
(1108, 'Jesus Perez Diaz', '', '', '0988', '0988', 1, 67, '', '2018-04-25'),
(1109, 'Abel Ramirez Jimenez', '', '', '1000', '1000', 1, 67, '', '2018-04-25'),
(1110, 'Lucila Pineda Nava', '', '', '0463', '0463', 1, 67, '', '2018-04-25'),
(1111, 'Efrain Munive Gallegos', '', '', '0961', '0961', 1, 67, '', '2018-04-25'),
(1112, 'Anastacio Ramirez Jimenez', '', '', '0999', '0999', 1, 67, '', '2018-04-25'),
(1113, 'Cesar Arturo Conde Perez', '', '', '0967', '0967', 1, 67, '', '2018-04-25'),
(1114, 'Madai Jimenez Cortes', '', '', '0964', '0964', 1, 67, '', '2018-04-25'),
(1115, 'Rosa Delgado Santacruz', '', '', '0969', '0969', 1, 67, '', '2018-04-25'),
(1116, 'Cruz Gallegos Santacruz', '', '', '0980', '0980', 1, 67, '', '2018-04-25'),
(1117, 'Jose Esteban Juarez Santacruz', '', '', '0958', '0958', 1, 67, '', '2018-04-25'),
(1118, 'Guadalupe Torres Ramos', '', '', '1356', '1356', 1, 67, '', '2018-04-25'),
(1119, 'Marcial Gracia Ramirez', '', '', '0986', '0986', 1, 67, '', '2018-04-25'),
(1120, 'Jose Luis Perez Zapata', '', '', '1182', '1182', 1, 67, '', '2018-04-25'),
(1121, 'Franco Silva Cuapio', '', '', '1523', '1523', 1, 67, '', '2018-04-25'),
(1122, 'Felix Ramirez Perez', '', '', '0252', '0252', 1, 67, '', '2018-04-25'),
(1123, 'Jose Luis Perez Ramirez', '', '', '1004', '1004', 1, 67, '', '2018-04-25'),
(1124, 'Areli Yolotzin Cuauhtecatl Pozos', '', '', '1507', '1507', 1, 67, '', '2018-04-25'),
(1125, 'Porfirio Gallegos Santacruz', '', '', '0982', '0982', 1, 67, '', '2018-04-25'),
(1126, 'Miguel angel Lobato Castillo', '', '', '1088', '1088', 1, 67, '', '2018-04-25'),
(1127, 'angel Ramirez Jimenez', '', '', '0998', '0998', 1, 67, '', '2018-04-25'),
(1128, 'Liliana Jimenez Lemus', '', '', '0959', '0959', 1, 67, '', '2018-04-25'),
(1129, 'Diego Galicia Santacruz', '', '', '1364', '1364', 1, 67, '', '2018-04-25'),
(1130, 'Ana Ramirez Jimenez', '', '', '0179', '0179', 1, 68, '', '2018-04-25'),
(1131, 'Bernardo Molina Cuatecontzi', '', '', '1010', '1010', 1, 68, '', '2018-04-25'),
(1132, 'Estela Santacruz Juarez', '', '', '1188', '1188', 1, 68, '', '2018-04-25'),
(1133, 'Tiburcio Eleazar Lima Bernal', '', '', '1282', '1282', 1, 69, '', '2018-04-25'),
(1134, 'Maria Guadalupe Aguilar Gracia', '', '', '1346', '1346', 1, 69, '', '2018-04-25'),
(1135, 'Antonio Morales Garcia', '', '', '0237', '0237', 1, 69, '', '2018-04-25'),
(1136, 'Maria Guadalupe Delgado Moreno', '', '', '1483', '1483', 1, 69, '', '2018-04-25'),
(1137, 'Tulia Camelia Castillo Flores', '', '', '1213', '1213', 1, 70, '', '2018-04-25'),
(1138, 'Guadalupe Gracia Gonzalez', '', '', '1519', '1519', 1, 71, '', '2018-04-25'),
(1139, 'Genaro Santacruz Aguilar', '', '', '0410', '0410', 1, 72, '', '2018-04-25'),
(1140, 'Javier Vazquez Gutierrez', '', '', '1368', '1368', 1, 72, '', '2018-04-25'),
(1141, 'Joel Perez Cortez', '', '', '0632', '0632', 1, 72, '', '2018-04-25'),
(1142, 'Mercedes Cortes Lima', '', '', '0913', '0913', 1, 72, '', '2018-04-25'),
(1143, 'Hilario Sanchez Gallegos', '', '', '0908', '0908', 1, 72, '', '2018-04-25'),
(1144, 'Jovita Ramirez Beristain', '', '', '0914', '0914', 1, 72, '', '2018-04-25'),
(1145, 'Josefina Perez Jimenez', '', '', '0915', '0915', 1, 72, '', '2018-04-25'),
(1146, 'Macario Sanchez Gallegos', '', '', '0910', '0910', 1, 72, '', '2018-04-25'),
(1147, 'Celia Baza Hernandez', '', '', '0917', '0917', 1, 72, '', '2018-04-25'),
(1148, 'Eloy Sanchez Gallegos', '', '', '1245', '1245', 1, 72, '', '2018-04-25'),
(1149, 'Josefina Perez Jimenez', '', '', '0918', '0918', 1, 72, '', '2018-04-25'),
(1150, 'Adalberto Cuauhtecatl Gallegos', '', '', '0921', '0921', 1, 73, '', '2018-04-25'),
(1151, 'Prospero Delgado Ramirez', '', '', '0924', '0924', 1, 73, '', '2018-04-25'),
(1152, 'Oscar Jimenez Cuapio', '', '', '0922', '0922', 1, 73, '', '2018-04-25'),
(1153, 'Eloisa Santacruz Aguilar', '', '', '0916', '0916', 1, 73, '', '2018-04-25'),
(1154, 'Antonio Mateos Fernandez', '', '', '1327', '1327', 1, 73, '', '2018-04-25'),
(1155, 'Bernardo Borja Conde', '', '', '0520', '0520', 1, 74, '', '2018-04-25'),
(1156, 'Maria Del Carmen Ordonnez Aguilar', '', '', '0702', '0702', 1, 74, '', '2018-04-25'),
(1157, 'Alejandro Aguilar Jimenez', '', '', '1373', '1373', 1, 74, '', '2018-04-25'),
(1158, 'Rogelio Tepox Sanchez', '', '', '1374', '1374', 1, 74, '', '2018-04-25'),
(1159, 'Alejandro Sanchez Lopez', '', '', '1487', '1487', 1, 74, '', '2018-04-25'),
(1160, 'Jose Antonio Nieto Chavez', '', '', '1370', '1370', 1, 74, '', '2018-04-25'),
(1161, 'Zoila Aguilar Leon', '', '', '1513', '1513', 1, 75, '', '2018-04-25'),
(1162, 'Misael Moreno Zempoalteca', '', '', '0294', '0294', 1, 75, '', '2018-04-25'),
(1163, 'Melvin Zempoalteca Perea', '', '', '0873', '0873', 1, 75, '', '2018-04-25'),
(1164, 'Olaf Zempoalteca Hernandez', '', '', '0881', '0881', 1, 75, '', '2018-04-25'),
(1165, 'Jose Margarito Zapata Santacruz', '', '', '0882', '0882', 1, 75, '', '2018-04-25'),
(1166, 'Jose Roberto Munnoz Morales', '', '', '1075', '1075', 1, 75, '', '2018-04-25'),
(1167, 'Victor Manuel Zapata Rosales', '', '', '0166', '0166', 1, 75, '', '2018-04-25'),
(1168, 'Nestor Vicente Moreno Tetlacuilo', '', '', '0259', '0259', 1, 75, '', '2018-04-25'),
(1169, 'Javier Vazquez Gutierrez', '', '', '0871', '0871', 1, 75, '', '2018-04-25'),
(1170, 'Maura Macuil Sampedro', '', '', '0878', '0878', 1, 75, '', '2018-04-25'),
(1171, 'Belinda Marquez Cuahutecatl', '', '', '1201', '1201', 1, 75, '', '2018-04-25'),
(1172, 'Eduardo Gallegos Duran', '', '', '0884', '0884', 1, 75, '', '2018-04-25'),
(1173, 'Araceli Cuapio Popocatl', '', '', '1032', '1032', 1, 75, '', '2018-04-25'),
(1174, 'Francisco Eliosa Santacruz', '', '', '0874', '0874', 1, 75, '', '2018-04-25'),
(1175, 'Salathiel Fernandez Zempoalteca', '', '', '1106', '1106', 1, 75, '', '2018-04-25'),
(1176, 'Enrique Ortiz Zamora', '', '', '0875', '0875', 1, 75, '', '2018-04-25'),
(1177, 'Jany Zempoalteca Macuil', '', '', '0877', '0877', 1, 75, '', '2018-04-25'),
(1178, 'Reynol  Moreno Alvarado', '', '', '0872', '0872', 1, 75, '', '2018-04-25'),
(1179, 'Emilia Ramirez Cuahutecatl', '', '', '0888', '0888', 1, 75, '', '2018-04-25'),
(1180, 'Felipe Gallegos Ramirez', '', '', '0888-A', '0888-A', 1, 75, '', '2018-04-25'),
(1181, 'Raul Marquez Cuahutecatl', '', '', '0885', '0885', 1, 75, '', '2018-04-25'),
(1182, 'Cayetano Sanchez Zempoalteca', '', '', '0879', '0879', 1, 75, '', '2018-04-25'),
(1183, 'Andres Osorno Flores', '', '', '0257', '0257', 1, 75, '', '2018-04-25'),
(1184, 'Mireya Ramirez Aguilar', '', '', '0098', '0098', 1, 76, '', '2018-04-25'),
(1185, 'Celia Lopez Perez', '', '', '1225', '1225', 1, 76, '', '2018-04-25'),
(1186, 'Enrique Santacruz Perez', '', '', '1255', '1255', 1, 76, '', '2018-04-25'),
(1187, 'Jorge Santacruz Gonzalez', '', '', '0224', '0224', 1, 76, '', '2018-04-25'),
(1188, 'Lucino Zapata Flores', '', '', '1387', '1387', 1, 76, '', '2018-04-25'),
(1189, 'Miguel Perez Ramirez', '', '', '0555', '0555', 1, 76, '', '2018-04-25'),
(1190, 'Raul Minor Conde', '', '', '0265', '0265', 1, 77, '', '2018-04-25'),
(1191, 'Alberto Juarez  Briones', '', '', '0644', '0644', 1, 78, '', '2018-04-25'),
(1192, 'Meliton Huerta Sanchez', '', '', '0824', '0824', 1, 78, '', '2018-04-25'),
(1193, 'Ariel Cuahutecatl Gallegos', '', '', '0829', '0829', 1, 78, '', '2018-04-25'),
(1194, 'Ma Dolores Gallegos Hernandez', '', '', '0828', '0828', 1, 78, '', '2018-04-25'),
(1195, 'Luis Gracia Jimenez', '', '', '0823', '0823', 1, 78, '', '2018-04-25'),
(1196, 'Remigio Gracia Ramirez', '', '', '0825', '0825', 1, 78, '', '2018-04-25'),
(1197, 'Enrique Gracia Ramirez', '', '', '0826', '0826', 1, 78, '', '2018-04-25'),
(1198, 'Myrna Cuahutecatl Gallegos', '', '', '1435', '1435', 1, 78, '', '2018-04-25'),
(1199, 'Ofelia Santacruz Caltempa', '', '', '0792', '0792', 1, 78, '', '2018-04-25'),
(1200, 'Isaura Cano Conde', '', '', '1159', '1159', 1, 79, '', '2018-04-25'),
(1201, 'Pedro Rodriguez Cuatianquiz', '', '', '1224', '1224', 1, 79, '', '2018-04-25'),
(1202, 'Celiceth Atonal Juarez', '', '', '1308', '1308', 1, 79, '', '2018-04-25'),
(1203, 'Vianey Aguilar Silva', '', '', '0581', '0581', 1, 79, '', '2018-04-25'),
(1204, 'Javier Solis Cuahutecatl', '', '', '1369', '1369', 1, 79, '', '2018-04-25'),
(1205, 'Gabriela Torres Guzman', '', '', '1235', '1235', 1, 80, '', '2018-04-25'),
(1206, 'Humberto Zempoalteca Macias', '', '', '0150', '0150', 1, 81, '', '2018-04-25'),
(1207, 'Jose Luis Conde Minor', '', '', '0194', '0194', 1, 81, '', '2018-04-25'),
(1208, 'Olivia Cortes Vda. De Zempoalteca', '', '', '0201', '0201', 1, 81, '', '2018-04-25'),
(1209, 'Renan Zempoalteca Delgado', '', '', '0202', '0202', 1, 81, '', '2018-04-25'),
(1210, 'Efrain Zempoalteca Delgado', '', '', '0203', '0203', 1, 81, '', '2018-04-25'),
(1211, 'Nizreth Zempoalteca Tlapale', '', '', '1338', '1338', 1, 81, '', '2018-04-25'),
(1212, 'Benjamin Atonal Conde', '', '', '1348', '1348', 1, 81, '', '2018-04-25'),
(1213, 'Alive Zempoalteca Amador', '', '', '1353', '1353', 1, 81, '', '2018-04-25'),
(1214, 'Margarita Gonzalez Estrada', '', '', '0205', '0205', 1, 81, '', '2018-04-25'),
(1215, 'Benjamin Atonal Gonzalez', '', '', '0200', '0200', 1, 81, '', '2018-04-25'),
(1216, 'Evarista  Valencia Solano', '', '', '0733', '0733', 1, 82, '', '2018-04-25'),
(1217, 'Rocio Delgado Pineda', '', '', '1422', '1422', 1, 82, '', '2018-04-25'),
(1218, 'Sixto Delgado Flores', '', '', '1468', '1468', 1, 82, '', '2018-04-25'),
(1219, 'Ventura Valencia Solano', '', '', '1456', '1456', 1, 82, '', '2018-04-25'),
(1220, 'Jovita Flores Cuapio', '', '', '1102', '1102', 1, 83, '', '2018-04-25');
INSERT INTO `usuarios_data` (`id`, `name`, `ap`, `am`, `tarjeta`, `folio`, `contrato_id`, `direccion_id`, `numero`, `creado`) VALUES
(1221, 'Maria Flor Martinez Camacho', '', '', '1275', '1275', 1, 83, '', '2018-04-25'),
(1222, 'Marco Aurelio Perez Iturbide', '', '', '0596', '0596', 1, 84, '', '2018-04-25'),
(1223, 'Irma Atonal Santacruz', '', '', '1080', '1080', 1, 85, '', '2018-04-25'),
(1224, 'Silvano Minor Contreras', '', '', '0304', '0304', 1, 86, '', '2018-04-25'),
(1225, 'Flor Aguilar Minor', '', '', '0305', '0305', 1, 86, '', '2018-04-25'),
(1226, 'Fidel Sanchez Moreno', '', '', '1389', '1389', 1, 86, '', '2018-04-25'),
(1227, 'Marcial Romero Minor', '', '', '0605', '0605', 1, 86, '', '2018-04-25'),
(1228, 'Julia De Los Santos Calderon', '', '', '0303', '0303', 1, 86, '', '2018-04-25'),
(1229, 'Jose Gilberto Ortiz Cabrera', '', '', '0344', '0344', 1, 87, '', '2018-04-25'),
(1230, 'Juana Zapata Flores', '', '', '0610', '0610', 1, 87, '', '2018-04-25'),
(1231, 'Rocio Santacruz Delgado', '', '', '1153', '1153', 1, 87, '', '2018-04-25'),
(1232, 'Gonzalo Ramirez Perez', '', '', '0222', '0222', 1, 87, '', '2018-04-25'),
(1233, 'Jose Luis Aguilar', '', '', '0617', '0617', 1, 87, '', '2018-04-25'),
(1234, 'Noe Aguilar Jimenez', '', '', '0976', '0976', 1, 88, '', '2018-04-25'),
(1235, 'Sergio Caltempa Ramirez', '', '', '1070', '1070', 1, 88, '', '2018-04-25'),
(1236, 'Joaquin Jimenez Mendoza', '', '', '1484', '1484', 1, 88, '', '2018-04-25'),
(1237, 'Alberto Perez', '', '', '1491', '1491', 1, 88, '', '2018-04-25'),
(1238, 'I G L E S I A', '', '', '0384', '0384', 1, 89, '', '2018-04-25'),
(1239, 'Argenis Padilla Lopez', '', '', '1078', '1078', 1, 90, '', '2018-04-25'),
(1240, 'Ma Cruz Bello De Adame', '', '', '1079', '1079', 1, 90, '', '2018-04-25'),
(1241, 'Jesus Conde Juarez', '', '', '1115', '1115', 1, 90, '', '2018-04-25'),
(1242, 'Elain Sandoval Ortiz', '', '', '1253', '1253', 1, 90, '', '2018-04-25'),
(1243, 'Misael Zempoalteca Cortes', '', '', '0557', '0557', 1, 90, '', '2018-04-25'),
(1244, 'Selene Romero Hernandez', '', '', '1300', '1300', 1, 90, '', '2018-04-25'),
(1245, 'Armando Conde Aguilar', '', '', '1339', '1339', 1, 90, '', '2018-04-25'),
(1246, 'Miriam Juarez Briones', '', '', '0348', '0348', 1, 90, '', '2018-04-25'),
(1247, 'Andres Jimenez Hernandez', '', '', '1482', '1482', 1, 90, '', '2018-04-25'),
(1248, 'Hortencia Briones Torres', '', '', '1236', '1236', 1, 90, '', '2018-04-25'),
(1249, 'Myrna Helida Juarez Briones', '', '', '1077', '1077', 1, 90, '', '2018-04-25'),
(1250, 'Maria Del Consuelo Gallegos Ramirez', '', '', '0912', '0912', 1, 90, '', '2018-04-25'),
(1251, 'Iveth Aridai Hernandez Santacruz', '', '', '1505', '1505', 1, 90, '', '2018-04-25'),
(1252, 'Jose Maria Rafael Molina Atonal', '', '', '0675', '0675', 1, 91, '', '2018-04-25'),
(1253, 'Amalia Moreno Bannuelos', '', '', '0584', '0584', 1, 92, '', '2018-04-25'),
(1254, 'Maria Olga Maday Conde Perez', '', '', '1342', '1342', 1, 92, '', '2018-04-25'),
(1255, 'Ricardo Perez Dominguez', '', '', '1268', '1268', 1, 92, '', '2018-04-25'),
(1256, 'Olinda Conde Ramirez', '', '', '0206', '0206', 1, 93, '', '2018-04-25'),
(1257, 'Salomon Gallegos Santacruz', '', '', '0213', '0213', 1, 93, '', '2018-04-25'),
(1258, 'Felix Calderon Ortigoza', '', '', '0215', '0215', 1, 93, '', '2018-04-25'),
(1259, 'Arturo Calderon Pichon', '', '', '0216', '0216', 1, 93, '', '2018-04-25'),
(1260, 'Hector Molina Gonzalez', '', '', '0218', '0218', 1, 93, '', '2018-04-25'),
(1261, 'Edgar Francisco Pichon Romero', '', '', '0219', '0219', 1, 93, '', '2018-04-25'),
(1262, 'Victor Santacruz Mena', '', '', '0221', '0221', 1, 93, '', '2018-04-25'),
(1263, 'Ma Gaudencia Soledad Cortes Guevara', '', '', '0223', '0223', 1, 93, '', '2018-04-25'),
(1264, 'Gersain Molina Minor', '', '', '0226', '0226', 1, 93, '', '2018-04-25'),
(1265, 'Fausto Perez Sarmiento', '', '', '0231', '0231', 1, 93, '', '2018-04-25'),
(1266, 'Adalberto Moreno Juarez', '', '', '0236', '0236', 1, 93, '', '2018-04-25'),
(1267, 'Artemio Juarez Perez', '', '', '0238', '0238', 1, 93, '', '2018-04-25'),
(1268, 'Maximino Minor Santacruz', '', '', '0240', '0240', 1, 93, '', '2018-04-25'),
(1269, 'Panfilo Gallegos Ramirez', '', '', '0242', '0242', 1, 93, '', '2018-04-25'),
(1270, 'Raymundo Ramirez Gracia', '', '', '0245', '0245', 1, 93, '', '2018-04-25'),
(1271, 'Raymundo Ramirez Gallegos', '', '', '0246', '0246', 1, 93, '', '2018-04-25'),
(1272, 'Ruperto Cuapio Popocatl', '', '', '0247', '0247', 1, 93, '', '2018-04-25'),
(1273, 'Jose Victor Rogelio Zempoalteca Ramirez', '', '', '0248', '0248', 1, 93, '', '2018-04-25'),
(1274, 'Santiago  Donato Vazquez Perez', '', '', '0249', '0249', 1, 93, '', '2018-04-25'),
(1275, 'Victoria Vazquez Perez', '', '', '0250', '0250', 1, 93, '', '2018-04-25'),
(1276, 'Eusebio Vazquez Briones', '', '', '0251', '0251', 1, 93, '', '2018-04-25'),
(1277, 'Miriam Perez Aguilar', '', '', '0253', '0253', 1, 93, '', '2018-04-25'),
(1278, 'Gonzalo Santacruz Minor', '', '', '0254', '0254', 1, 93, '', '2018-04-25'),
(1279, 'Flavio Aguilar Flores', '', '', '0256', '0256', 1, 93, '', '2018-04-25'),
(1280, 'Nestor Aguilar Flores', '', '', '0258', '0258', 1, 93, '', '2018-04-25'),
(1281, 'Irais Santacruz Minor', '', '', '0260', '0260', 1, 93, '', '2018-04-25'),
(1282, 'Clementina Cuahutecatl Romero', '', '', '0262', '0262', 1, 93, '', '2018-04-25'),
(1283, 'Xochitl Aguilar Rodriguez', '', '', '0577', '0577', 1, 93, '', '2018-04-25'),
(1284, 'Alberto Juarez Minor', '', '', '0712', '0712', 1, 93, '', '2018-04-25'),
(1285, 'Irais Aguilar Aguilar', '', '', '0745', '0745', 1, 93, '', '2018-04-25'),
(1286, 'Rolando Aguilar Silva', '', '', '0836', '0836', 1, 93, '', '2018-04-25'),
(1287, 'Jenny Flores Aguilar', '', '', '1097', '1097', 1, 93, '', '2018-04-25'),
(1288, 'Ofelia Perez Sarmiento', '', '', '0708', '0708', 1, 93, '', '2018-04-25'),
(1289, 'Fortino Gonzalez Santacruz', '', '', '0723', '0723', 1, 93, '', '2018-04-25'),
(1290, 'Emilio Moreno Santacruz', '', '', '0703', '0703', 1, 93, '', '2018-04-25'),
(1291, 'Miguel De Gabriel Dominguez', '', '', '1414', '1414', 1, 93, '', '2018-04-25'),
(1292, 'Abel Moreno Santacruz', '', '', '0235', '0235', 1, 93, '', '2018-04-25'),
(1293, 'Omar Santacruz Perez', '', '', '1291', '1291', 1, 93, '', '2018-04-25'),
(1294, 'angel Vazquez Perez', '', '', '1280', '1280', 1, 93, '', '2018-04-25'),
(1295, 'Guillermo Perez Cuapio', '', '', '1301', '1301', 1, 93, '', '2018-04-25'),
(1296, 'Magdalena Gonzalez Conde', '', '', '0244', '0244', 1, 93, '', '2018-04-25'),
(1297, 'Armando Aguilar Flores', '', '', '0728', '0728', 1, 93, '', '2018-04-25'),
(1298, 'Moises Margarito Molina Perez', '', '', '0214', '0214', 1, 93, '', '2018-04-25'),
(1299, 'Rutilo Guerrero Eliosa', '', '', '0227', '0227', 1, 93, '', '2018-04-25'),
(1300, 'Jorge Armando Tellez Perez', '', '', '0220', '0220', 1, 93, '', '2018-04-25'),
(1301, 'Nestor  Gonzalez  Aguilar', '', '', '0569', '0569', 1, 93, '', '2018-04-25'),
(1302, 'Donato Minor Santacruz', '', '', '0241', '0241', 1, 93, '', '2018-04-25'),
(1303, 'Joaquina Aguilar Flores', '', '', '0049', '0049', 1, 93, '', '2018-04-25'),
(1304, 'Franco Silva Cuapio', '', '', '0263', '0263', 1, 93, '', '2018-04-25'),
(1305, 'Victoriano Santacruz Minor', '', '', '0229', '0229', 1, 93, '', '2018-04-25'),
(1306, 'Miriam Meneses Moreno', '', '', '1377', '1377', 1, 93, '', '2018-04-25'),
(1307, 'Gilberto Minor Flores', '', '', '0239', '0239', 1, 93, '', '2018-04-25'),
(1308, 'Lazaro Torres Saltillo', '', '', '0243', '0243', 1, 93, '', '2018-04-25'),
(1309, 'Laura Perez Reyes', '', '', '0593', '0593', 1, 93, '', '2018-04-25'),
(1310, 'Isaac Ramirez Gracia', '', '', '1376', '1376', 1, 93, '', '2018-04-25'),
(1311, 'Maria De Los angeles Aguilar Aguilar', '', '', '1012', '1012', 1, 93, '', '2018-04-25'),
(1312, 'Evodio Ramirez Santacruz', '', '', '0211', '0211', 1, 93, '', '2018-04-25'),
(1313, 'Salvador Carro Lima   (2 Tomas) Y Enriqueta Pichon', '', '', '0212 Y 212-A', '0212 Y 212-A', 1, 93, '', '2018-04-25'),
(1314, 'Ayde Araceli Ramirez Pichon', '', '', '0210', '0210', 1, 93, '', '2018-04-25'),
(1315, 'Alejandro Calderon Pichon', '', '', '1324', '1324', 1, 93, '', '2018-04-25'),
(1316, 'Maricela Pichon Romero', '', '', '1238', '1238', 1, 93, '', '2018-04-25'),
(1317, 'Ruperto Perez Delgado', '', '', '0230', '0230', 1, 93, '', '2018-04-25'),
(1318, 'Jose Enrique Sanchez Hernandez', '', '', '0232', '0232', 1, 93, '', '2018-04-25'),
(1319, 'Yazmin Molina Perez', '', '', '1285', '1285', 1, 93, '', '2018-04-25'),
(1320, 'Elesban Santacruz Pichon', '', '', '0207', '0207', 1, 94, '', '2018-04-25'),
(1321, 'Elvia Pichon Santacruz', '', '', '1130', '1130', 1, 94, '', '2018-04-25'),
(1322, 'Carmen Santacruz Pichon', '', '', '0208', '0208', 1, 94, '', '2018-04-25'),
(1323, 'Lourdes Munnoz Osorno', '', '', '0209', '0209', 1, 95, '', '2018-04-25'),
(1324, 'Isaias Moreno Aguilar', '', '', '1506', '1506', 1, 96, '', '2018-04-25'),
(1325, 'Carlos Perez Pichon', '', '', '0483', '0483', 1, 96, '', '2018-04-25'),
(1326, 'Tomas Sanchez Juarez', '', '', '0490', '0490', 1, 96, '', '2018-04-25'),
(1327, 'Ruben Santacruz Caltempa', '', '', '0491', '0491', 1, 96, '', '2018-04-25'),
(1328, 'Fidelina Santiago Aguilar', '', '', '0493', '0493', 1, 96, '', '2018-04-25'),
(1329, 'Constantino Sanchez Gomez', '', '', '0494', '0494', 1, 96, '', '2018-04-25'),
(1330, 'Norma Carro Pichon', '', '', '0495', '0495', 1, 96, '', '2018-04-25'),
(1331, 'Mario Minor Conde', '', '', '0502', '0502', 1, 96, '', '2018-04-25'),
(1332, 'Bethuel Xochitemo Carrenno', '', '', '0504', '0504', 1, 96, '', '2018-04-25'),
(1333, 'Silverio Juarez Minor', '', '', '0506', '0506', 1, 96, '', '2018-04-25'),
(1334, 'Ma Enriqueta Guevara Jimenez', '', '', '0510', '0510', 1, 96, '', '2018-04-25'),
(1335, 'Yoselin Juarez Hernandez', '', '', '0511', '0511', 1, 96, '', '2018-04-25'),
(1336, 'Jose Antonio Vilchis Martinez', '', '', '0513', '0513', 1, 96, '', '2018-04-25'),
(1337, 'Gustavo avila Ramirez', '', '', '0599', '0599', 1, 96, '', '2018-04-25'),
(1338, 'Lucia Escobar Perez', '', '', '1120', '1120', 1, 96, '', '2018-04-25'),
(1339, 'Raquel Minor Gutierrez', '', '', '1193', '1193', 1, 96, '', '2018-04-25'),
(1340, 'Cornelio Minor Perez', '', '', '1211', '1211', 1, 96, '', '2018-04-25'),
(1341, 'Lidia Cruz Solis', '', '', '1218', '1218', 1, 96, '', '2018-04-25'),
(1342, 'Ernesto Ramirez Pichon', '', '', '0470', '0470', 1, 96, '', '2018-04-25'),
(1343, 'Fabian Varela Jimenez', '', '', '0489', '0489', 1, 96, '', '2018-04-25'),
(1344, 'Eduardo Minor Santacruz', '', '', '0507', '0507', 1, 96, '', '2018-04-25'),
(1345, 'Cornelio Minor Perez', '', '', '0944', '0944', 1, 96, '', '2018-04-25'),
(1346, 'Rogelio Atonal Meza +', '', '', '0946', '0946', 1, 96, '', '2018-04-25'),
(1347, 'Ricardo Cuapio Sanchez', '', '', '1320', '1320', 1, 96, '', '2018-04-25'),
(1348, 'angel Sanchez Juarez', '', '', '1321', '1321', 1, 96, '', '2018-04-25'),
(1349, 'Laura Delgado Gutierrez', '', '', '1432', '1432', 1, 96, '', '2018-04-25'),
(1350, 'Ernesto Ramirez Moreno', '', '', '1493', '1493', 1, 96, '', '2018-04-25'),
(1351, 'Jocabet Juarez Zempoalteca', '', '', '0512', '0512', 1, 96, '', '2018-04-25'),
(1352, 'Joaquin Juarez Perez', '', '', '0484', '0484', 1, 96, '', '2018-04-25'),
(1353, 'Aaron Juarez Zempoalteca', '', '', '1331', '1331', 1, 96, '', '2018-04-25'),
(1354, 'Maricela Ramirez Santacruz', '', '', '0485', '0485', 1, 96, '', '2018-04-25'),
(1355, 'Glafira Jimenez Juarez', '', '', '1148', '1148', 1, 96, '', '2018-04-25'),
(1356, 'Jose Amando Lopez Rendon', '', '', '0487', '0487', 1, 96, '', '2018-04-25'),
(1357, 'Ma Guadalupe Escobar Conde', '', '', '0503', '0503', 1, 96, '', '2018-04-25'),
(1358, 'Napoleon Cuapio Sanchez', '', '', '0271', '0271', 1, 96, '', '2018-04-25'),
(1359, 'Leopoldo Zarate Garcia', '', '', '1347', '1347', 1, 96, '', '2018-04-25'),
(1360, 'Isaid Juarez Zempoalteca', '', '', '0522', '0522', 1, 96, '', '2018-04-25'),
(1361, 'Marlen  Lopez Rendon', '', '', '0488', '0488', 1, 96, '', '2018-04-25'),
(1362, 'Mauro Marciano Juarez Minor', '', '', '0505', '0505', 1, 96, '', '2018-04-25'),
(1363, 'Bernabe Saavedra Herrera', '', '', '0497', '0497', 1, 96, '', '2018-04-25'),
(1364, 'Ex convento De Santa Maria De Las Nieves', '', '', '1352', '1352', 1, 97, '', '2018-04-25'),
(1365, 'Eduardo Perez Cortes', '', '', '1417', '1417', 1, 98, '', '2018-04-25'),
(1366, 'Fernando Juarez Cuapio', '', '', '1433', '1433', 1, 98, '', '2018-04-25'),
(1367, 'Miguel Renato Montiel Rodriguez', '', '', '1278', '1278', 1, 98, '', '2018-04-25'),
(1368, 'Guadalupe Ruiz Hernandez', '', '', '1325', '1325', 1, 98, '', '2018-04-25'),
(1369, 'Alejandro Conde Hernandez', '', '', '1517', '1517', 1, 98, '', '2018-04-25'),
(1370, 'Noe Espinoza Delgado', '', '', '1252', '1252', 1, 98, '', '2018-04-25'),
(1371, 'Iglesia (Bannos Publicos)', '', '', '0327', '0327', 1, 99, '', '2018-04-25'),
(1372, 'Jose Luis Flores Moreno', '', '', '0381', '0381', 1, 99, '', '2018-04-25'),
(1373, 'Maria Del Rocio Alicia Minor Pineda', '', '', '0382', '0382', 1, 99, '', '2018-04-25'),
(1374, 'Sergio Zempoalteca Zamora', '', '', '0120', '0120', 1, 100, '', '2018-04-25'),
(1375, 'Judith Zempoalteca De Salazar', '', '', '0121', '0121', 1, 100, '', '2018-04-25'),
(1376, 'Yessica Ariana Molina Reyes', '', '', '0123', '0123', 1, 100, '', '2018-04-25'),
(1377, 'Alberto Perez Escamilla', '', '', '1425', '1425', 1, 100, '', '2018-04-25'),
(1378, 'Marcelino Penna Baltazar', '', '', '1084', '1084', 1, 101, '', '2018-04-25'),
(1379, 'Tulio Santacruz Jimenez', '', '', '0301', '0301', 1, 102, '', '2018-04-25'),
(1380, 'Georgina Minor Perez', '', '', '0302', '0302', 1, 102, '', '2018-04-25'),
(1381, 'Bibiano Santacruz Cuahutle', '', '', '0297', '0297', 1, 102, '', '2018-04-25'),
(1382, 'Petronila Cuahutle Santacruz', '', '', '0299', '0299', 1, 102, '', '2018-04-25'),
(1383, 'Ranulfo Santacruz Cuautle', '', '', '0473', '0473', 1, 103, '', '2018-04-25'),
(1384, 'Micaela Santacruz Cuautle', '', '', '0375', '0375', 1, 103, '', '2018-04-25'),
(1385, 'Juan Aguilar Perez', '', '', '0562', '0562', 1, 104, '', '2018-04-25'),
(1386, 'Armando Aguilar Perez', '', '', '0563', '0563', 1, 104, '', '2018-04-25'),
(1387, 'Anastacio Flores Atonal', '', '', '0699', '0699', 1, 105, '', '2018-04-25'),
(1388, 'Juan  Aguilar Jimenez', '', '', '0830', '0830', 1, 105, '', '2018-04-25'),
(1389, 'Tomas Leon Romero', '', '', '0841', '0841', 1, 105, '', '2018-04-25'),
(1390, 'Javier Perez Luna', '', '', '0839', '0839', 1, 105, '', '2018-04-25'),
(1391, 'Luis Aguilar Cano', '', '', '0834', '0834', 1, 105, '', '2018-04-25'),
(1392, 'Julio Aguilar Gallegos', '', '', '0835', '0835', 1, 105, '', '2018-04-25'),
(1393, 'Miguel Ramirez Perez', '', '', '0339', '0339', 1, 105, '', '2018-04-25'),
(1394, 'Juan Carlos Diaz Quiroz', '', '', '0649', '0649', 1, 105, '', '2018-04-25'),
(1395, 'Ma De Los angeles Aguilar Cano', '', '', '0832', '0832', 1, 105, '', '2018-04-25'),
(1396, 'Sofia Jimenez Gallegos Y/O Rogelio Guevara Jimenez', '', '', '0833', '0833', 1, 105, '', '2018-04-25'),
(1397, 'Agustin Delgado Flores', '', '', '0840', '0840', 1, 105, '', '2018-04-25'),
(1398, 'Lucia Delgado Santacruz', '', '', '0849', '0849', 1, 105, '', '2018-04-25'),
(1399, 'Roberto Sanchez Perez', '', '', '0850', '0850', 1, 105, '', '2018-04-25'),
(1400, 'Daniel Jimenez Mandarin', '', '', '0851', '0851', 1, 105, '', '2018-04-25'),
(1401, 'Reynalda Xochipa Lezama', '', '', '1122', '1122', 1, 105, '', '2018-04-25'),
(1402, 'Victor David Hernandez Rojas', '', '', '1222', '1222', 1, 105, '', '2018-04-25'),
(1403, 'Victorino Juarez Saldanna', '', '', '1230', '1230', 1, 105, '', '2018-04-25'),
(1404, 'Pilar Raciel Zapata Delgado', '', '', '1240', '1240', 1, 105, '', '2018-04-25'),
(1405, 'Marcos Antonio Morales aguila', '', '', '1241', '1241', 1, 105, '', '2018-04-25'),
(1406, 'Fernando Perez Sandoval', '', '', '1246', '1246', 1, 105, '', '2018-04-25'),
(1407, 'Paola Espinosa De Los Monteros Ramos', '', '', '0104', '0104', 1, 105, '', '2018-04-25'),
(1408, 'Margarito Jimenez Leon', '', '', '0233', '0233', 1, 105, '', '2018-04-25'),
(1409, 'Salen Vazquez Ramirez', '', '', '1111', '1111', 1, 105, '', '2018-04-25'),
(1410, 'Marcelina Jimenez Gallegos', '', '', '0857', '0857', 1, 105, '', '2018-04-25'),
(1411, 'Placida Perez Corona', '', '', '0845', '0845', 1, 105, '', '2018-04-25'),
(1412, 'Emma Santacruz Soriano', '', '', '0843', '0843', 1, 105, '', '2018-04-25'),
(1413, 'Julio Aguilar Gallegos', '', '', '0835-A', '0835-A', 1, 106, '', '2018-04-25'),
(1414, 'Mauro Jimenez Zempoalteca', '', '', '1388', '1388', 1, 107, '', '2018-04-25'),
(1415, 'Antonia Navarro Zempoalteca', '', '', '0128', '0128', 1, 108, '', '2018-04-25'),
(1416, 'Antonio Zamudio Ramirez', '', '', '0129', '0129', 1, 108, '', '2018-04-25'),
(1417, 'Eligio Ramirez Bonilla', '', '', '0130', '0130', 1, 108, '', '2018-04-25'),
(1418, 'Eva Minor Perez', '', '', '0136', '0136', 1, 108, '', '2018-04-25'),
(1419, 'Agnelo Moreno Juarez', '', '', '0138', '0138', 1, 108, '', '2018-04-25'),
(1420, 'Maria Andrea Barbara Minor', '', '', '0139', '0139', 1, 108, '', '2018-04-25'),
(1421, 'Josefina Hernandez Rosete', '', '', '0144', '0144', 1, 108, '', '2018-04-25'),
(1422, 'Maria De La Luz Munnoz Reyes', '', '', '0261', '0261', 1, 108, '', '2018-04-25'),
(1423, 'Francisco Sanchez Santacruz', '', '', '0298', '0298', 1, 108, '', '2018-04-25'),
(1424, 'Norma Lorena Montiel Juarez', '', '', '1196', '1196', 1, 108, '', '2018-04-25'),
(1425, 'Emilio Cuapio Moreno', '', '', '0132', '0132', 1, 108, '', '2018-04-25'),
(1426, 'Andres Cuapio Guerrero', '', '', '0143', '0143', 1, 108, '', '2018-04-25'),
(1427, 'Facundo Flores Perez', '', '', '0848', '0848', 1, 108, '', '2018-04-25'),
(1428, 'Pablo Esquivel Sanchez', '', '', '0133', '0133', 1, 109, '', '2018-04-25'),
(1429, 'Juan Pegueros Patricio', '', '', '0131', '0131', 1, 109, '', '2018-04-25'),
(1430, 'Ofelia Illescas Aguilar', '', '', '0135', '0135', 1, 109, '', '2018-04-25'),
(1431, 'Silvestre Montoya Maldonado', '', '', '0134', '0134', 1, 110, '', '2018-04-25'),
(1432, 'Remedios  Esquivel  Cuapio', '', '', '0393', '0393', 1, 110, '', '2018-04-25'),
(1433, 'Mary Carmen Conde Sanchez', '', '', '1323', '1323', 1, 110, '', '2018-04-25'),
(1434, 'Alfonso Cortes Guevara', '', '', '0204', '0204', 1, 111, '', '2018-04-25'),
(1435, 'Damian Cuahutle Sastre', '', '', '0359', '0359', 1, 112, '', '2018-04-25'),
(1436, 'Celso Marquez Cuahutecatl', '', '', '0543', '0543', 1, 112, '', '2018-04-25'),
(1437, 'Maricela Cuahutli Meneses', '', '', '0544', '0544', 1, 112, '', '2018-04-25'),
(1438, 'Yolanda Carro Aguilar', '', '', '0547', '0547', 1, 112, '', '2018-04-25'),
(1439, 'Rita Ortega Diaz', '', '', '0548', '0548', 1, 112, '', '2018-04-25'),
(1440, 'Noemi Carro Garcia', '', '', '0550', '0550', 1, 112, '', '2018-04-25'),
(1441, 'Adolfo Mendieta Perez', '', '', '0551', '0551', 1, 112, '', '2018-04-25'),
(1442, 'Xavier Parra Jimenez', '', '', '0758', '0758', 1, 112, '', '2018-04-25'),
(1443, 'Moises Minor Moreno', '', '', '1124', '1124', 1, 112, '', '2018-04-25'),
(1444, 'Ma Silvia Minor Moreno', '', '', '1239', '1239', 1, 112, '', '2018-04-25'),
(1445, 'Fausto Cuahutecatl Romero', '', '', '0217', '0217', 1, 112, '', '2018-04-25'),
(1446, 'Ignacio Gonzalez Villanueva', '', '', '0549', '0549', 1, 112, '', '2018-04-25'),
(1447, 'Roberto Garcia Espanna', '', '', '0552', '0552', 1, 112, '', '2018-04-25'),
(1448, 'Carlos Carro Aguilar', '', '', '0545', '0545', 1, 112, '', '2018-04-25'),
(1449, 'Rogelio Jimenez Cuapio', '', '', '0546', '0546', 1, 112, '', '2018-04-25'),
(1450, 'Victor Atonal Cuahutecatl', '', '', '0796', '0796', 1, 112, '', '2018-04-25'),
(1451, 'Blanca Estela Minor Moreno', '', '', '1316', '1316', 1, 112, '', '2018-04-25'),
(1452, 'Beatriz Rodriguez Ruiz', '', '', '0541', '0541', 1, 112, '', '2018-04-25'),
(1453, 'Felipe Carro Ruiz', '', '', '1109', '1109', 1, 112, '', '2018-04-25'),
(1454, 'Jose Luis Morales Ruiz', '', '', '0340', '0340', 1, 112, '', '2018-04-25'),
(1455, 'Briceyda Jimenez Flores', '', '', '0553', '0553', 1, 112, '', '2018-04-25'),
(1456, 'Macrina Penna Patinno', '', '', '0846', '0846', 1, 113, '', '2018-04-25'),
(1457, 'Luis Santacruz Delgado', '', '', '0113', '0113', 1, 114, '', '2018-04-25'),
(1458, 'Maria Barrera Vda. De Zempoalteca', '', '', '0141', '0141', 1, 114, '', '2018-04-25'),
(1459, 'Jose Pedro Zempoalteca Barrera', '', '', '0142', '0142', 1, 114, '', '2018-04-25'),
(1460, 'Ernesto Conde  Moreno', '', '', '0146', '0146', 1, 114, '', '2018-04-25'),
(1461, 'Jose Ines Ramos Lopez', '', '', '0152', '0152', 1, 114, '', '2018-04-25'),
(1462, 'Benigno Portillo Luna', '', '', '0154', '0154', 1, 114, '', '2018-04-25'),
(1463, 'Maria Del Carmen Cuapio Moreno', '', '', '0159', '0159', 1, 114, '', '2018-04-25'),
(1464, 'alvaro Garcia Moreno Y Esposa', '', '', '0161', '0161', 1, 114, '', '2018-04-25'),
(1465, 'Carlos Conde Rodriguez', '', '', '0162', '0162', 1, 114, '', '2018-04-25'),
(1466, 'Praxedis Santacruz Perez', '', '', '0163', '0163', 1, 114, '', '2018-04-25'),
(1467, 'Diego Galicia Santacruz', '', '', '0169', '0169', 1, 114, '', '2018-04-25'),
(1468, 'Catalina Perez Maza', '', '', '0170', '0170', 1, 114, '', '2018-04-25'),
(1469, 'Saul Silva Cuapio', '', '', '0173', '0173', 1, 114, '', '2018-04-25'),
(1470, 'Juan Morales Conde', '', '', '0178', '0178', 1, 114, '', '2018-04-25'),
(1471, 'Silvia Cano Santacruz', '', '', '0180', '0180', 1, 114, '', '2018-04-25'),
(1472, 'Guadalupe Jimenez Hernandez', '', '', '0181', '0181', 1, 114, '', '2018-04-25'),
(1473, 'Maria Luisa Jimenez Molina', '', '', '0648', '0648', 1, 114, '', '2018-04-25'),
(1474, 'Fulgencio Silva Cuapio', '', '', '0673', '0673', 1, 114, '', '2018-04-25'),
(1475, 'Azareth Ramos Zempoalteca', '', '', '1092', '1092', 1, 114, '', '2018-04-25'),
(1476, 'Ma Guadalupe Zempoalteca Gonzalez', '', '', '1127', '1127', 1, 114, '', '2018-04-25'),
(1477, 'Eduardo Munnoz Lopez', '', '', '1143', '1143', 1, 114, '', '2018-04-25'),
(1478, 'Manuel angel Mendez Carro', '', '', '1190', '1190', 1, 114, '', '2018-04-25'),
(1479, 'Marcos Javier Tlaxcala Lara', '', '', '1237', '1237', 1, 114, '', '2018-04-25'),
(1480, 'Adelma Leon Zempoalteca', '', '', '0151', '0151', 1, 114, '', '2018-04-25'),
(1481, 'Jacqueline Aguilar Minor', '', '', '1284', '1284', 1, 114, '', '2018-04-25'),
(1482, 'Valente Ojeda Zempoalteca', '', '', '1404', '1404', 1, 114, '', '2018-04-25'),
(1483, 'Francisca Tlapale Hernandez', '', '', '1499', '1499', 1, 114, '', '2018-04-25'),
(1484, 'Flavio Conde Moreno', '', '', '0147', '0147', 1, 114, '', '2018-04-25'),
(1485, 'Rosa Cuapio Pichon', '', '', '0164', '0164', 1, 114, '', '2018-04-25'),
(1486, 'Pedro Galicia Netzahuatl', '', '', '0165', '0165', 1, 114, '', '2018-04-25'),
(1487, 'angeles Galicia Santacruz', '', '', '0167', '0167', 1, 114, '', '2018-04-25'),
(1488, 'Jorge Molina Minor', '', '', '0153', '0153', 1, 114, '', '2018-04-25'),
(1489, 'Anselmo Jaen Meneses', '', '', '0983', '0983', 1, 114, '', '2018-04-25'),
(1490, 'Enriqueta Santacruz Conde', '', '', '0156', '0156', 1, 114, '', '2018-04-25'),
(1491, 'Delfino Cuellar Matamoros', '', '', '0157', '0157', 1, 114, '', '2018-04-25'),
(1492, 'Alicia Rodriguez Tovar', '', '', '0182', '0182', 1, 114, '', '2018-04-25'),
(1493, 'Bety Conde Zempoalteca', '', '', '0149', '0149', 1, 114, '', '2018-04-25'),
(1494, 'Juana Sanchez  Ramirez', '', '', '1163', '1163', 1, 114, '', '2018-04-25'),
(1495, 'Victor Conde Aguilar', '', '', '1112', '1112', 1, 114, '', '2018-04-25'),
(1496, 'Juan Jose Olvera Calderon', '', '', '0168', '0168', 1, 114, '', '2018-04-25'),
(1497, 'Ma Elena Hernandez Gonzalez', '', '', '0366', '0366', 1, 114, '', '2018-04-25'),
(1498, 'Maria Martha Gutierrez Papalotzi', '', '', '0171', '0171', 1, 114, '', '2018-04-25'),
(1499, 'Maria Isabel Gutierrez Papalotzi', '', '', '1494', '1494', 1, 114, '', '2018-04-25'),
(1500, 'Genaro Cuapio Moreno', '', '', '1382', '1382', 1, 114, '', '2018-04-25'),
(1501, 'Wiliam Zempoalteca Perez', '', '', '0697', '0697', 1, 114, '', '2018-04-25'),
(1502, 'Juan Jaen Zempoalteca', '', '', '0137', '0137', 1, 114, '', '2018-04-25'),
(1503, 'Yumiko Zempoalteca Tlapale', '', '', '0827', '0827', 1, 114, '', '2018-04-25'),
(1504, 'Hector Conde Aguilar', '', '', '1178', '1178', 1, 114, '', '2018-04-25'),
(1505, 'Dolores Maricela Jimenez Perez', '', '', '1273', '1273', 1, 114, '', '2018-04-25'),
(1506, 'Roberto Conde Aguilar', '', '', '1399', '1399', 1, 114, '', '2018-04-25'),
(1507, 'Leticia Juarez Fragoso', '', '', '1512', '1512', 1, 115, '', '2018-04-25'),
(1508, 'Livia Aguilar Conde', '', '', '0300', '0300', 1, 115, '', '2018-04-25'),
(1509, 'Arminda Minor Cano', '', '', '0386', '0386', 1, 115, '', '2018-04-25'),
(1510, 'Cruz Sanchez Ortega', '', '', '0390', '0390', 1, 115, '', '2018-04-25'),
(1511, 'Gilgamez Zempoalteca Gonzalez', '', '', '0392', '0392', 1, 115, '', '2018-04-25'),
(1512, 'Lorenzo Sanchez Zempoalteca', '', '', '0394', '0394', 1, 115, '', '2018-04-25'),
(1513, 'Crispin Juarez Conde', '', '', '0397', '0397', 1, 115, '', '2018-04-25'),
(1514, 'Jose Lino Aguilar Cuahutecatl', '', '', '0399', '0399', 1, 115, '', '2018-04-25'),
(1515, 'Jose Froylan Santacruz Delgado', '', '', '0404', '0404', 1, 115, '', '2018-04-25'),
(1516, 'Armando Ramirez Moreno', '', '', '0406', '0406', 1, 115, '', '2018-04-25'),
(1517, 'Fausto Zapata Perez', '', '', '0412', '0412', 1, 115, '', '2018-04-25'),
(1518, 'Erick Juarez Flores', '', '', '0413', '0413', 1, 115, '', '2018-04-25'),
(1519, 'Lubia Juarez Juarez', '', '', '0414', '0414', 1, 115, '', '2018-04-25'),
(1520, 'Ernesto Cuapio Zempoalteca', '', '', '0415', '0415', 1, 115, '', '2018-04-25'),
(1521, 'Adriana Cuapio Carro', '', '', '0416', '0416', 1, 115, '', '2018-04-25'),
(1522, 'Ma Del Carmen Guevara Jimenez', '', '', '0887', '0887', 1, 115, '', '2018-04-25'),
(1523, 'Maria Remedios Santacruz Flores', '', '', '1107', '1107', 1, 115, '', '2018-04-25'),
(1524, 'Rosamparo Flores Cortes', '', '', '1259', '1259', 1, 115, '', '2018-04-25'),
(1525, 'Violeta Cuahutecatl Hernandez', '', '', '1266', '1266', 1, 115, '', '2018-04-25'),
(1526, 'Nohelia Minor Cano', '', '', '0847', '0847', 1, 115, '', '2018-04-25'),
(1527, 'Nestor Juarez Saldanna', '', '', '0852', '0852', 1, 115, '', '2018-04-25'),
(1528, 'Francisca Ofelia Juarez Bautista', '', '', '0402', '0402', 1, 115, '', '2018-04-25'),
(1529, 'Eufracia Santacruz Delgado', '', '', '1336', '1336', 1, 115, '', '2018-04-25'),
(1530, 'Esteban Soria Torres', '', '', '1341', '1341', 1, 115, '', '2018-04-25'),
(1531, 'Valentin Santacruz Cuahutle', '', '', '1195', '1195', 1, 115, '', '2018-04-25'),
(1532, 'Cesar Varela Meneses', '', '', '0405', '0405', 1, 115, '', '2018-04-25'),
(1533, 'Juan Atonal Zempoalteca', '', '', '0385', '0385', 1, 115, '', '2018-04-25'),
(1534, 'Minerva Sanchez Conde', '', '', '0389', '0389', 1, 115, '', '2018-04-25'),
(1535, 'Natalia Sanchez Conde', '', '', '1118', '1118', 1, 115, '', '2018-04-25'),
(1536, 'Francisco Romano Varela', '', '', '0396', '0396', 1, 115, '', '2018-04-25'),
(1537, 'Maria Felix Juarez Ordonnez', '', '', '0395', '0395', 1, 115, '', '2018-04-25'),
(1538, 'Afin Consultoria Integral A Empresas Sc.', '', '', '1223', '1223', 1, 115, '', '2018-04-25'),
(1539, 'Erendira Delgado Cortes', '', '', '1287', '1287', 1, 115, '', '2018-04-25'),
(1540, 'Juan Manuel Juarez Cano', '', '', '1312', '1312', 1, 115, '', '2018-04-25'),
(1541, 'Lourdes Juarez Saldanna', '', '', '0853', '0853', 1, 115, '', '2018-04-25'),
(1542, 'Guadalupe Cano Aguilera', '', '', '0408', '0408', 1, 116, '', '2018-04-25'),
(1543, 'Argelia Lopez Moreno', '', '', '0448', '0448', 1, 116, '', '2018-04-25'),
(1544, 'Armando Moreno Sanchez', '', '', '0854', '0854', 1, 116, '', '2018-04-25'),
(1545, 'Edelmira Moreno Zempoalteca', '', '', '0407', '0407', 1, 116, '', '2018-04-25'),
(1546, 'Delia Ramos Pineda', '', '', '0409', '0409', 1, 116, '', '2018-04-25'),
(1547, 'Arminda Juarez Fragoso', '', '', '0447', '0447', 1, 117, '', '2018-04-25');
COMMIT;

/*!40101 SET CHARACTER_SET_CLIENT=@OLD_CHARACTER_SET_CLIENT */;
/*!40101 SET CHARACTER_SET_RESULTS=@OLD_CHARACTER_SET_RESULTS */;
/*!40101 SET COLLATION_CONNECTION=@OLD_COLLATION_CONNECTION */;
